image_name,orientation_degrees,orientation_class,hexadecimal_value,decimal_value
train_000000.png,0,0,0x8,8
train_000001.png,90,1,0x0,0
train_000002.png,270,3,0x57,87
train_000003.png,270,3,0x9,9
train_000004.png,0,0,0x57,87
train_000005.png,90,1,0xe,14
train_000006.png,270,3,0x20,32
train_000007.png,90,1,0x9fb,2555
train_000008.png,0,0,0x4,4
train_000009.png,0,0,0xf28,3880
train_000010.png,90,1,0xf9a,3994
train_000011.png,180,2,0x14,20
train_000012.png,0,0,0xd40,3392
train_000013.png,180,2,0xbb,187
train_000014.png,0,0,0xb18,2840
train_000015.png,270,3,0xf,15
train_000016.png,0,0,0xca,202
train_000017.png,270,3,0x291,657
train_000018.png,270,3,0x5,5
train_000019.png,90,1,0x1,1
train_000020.png,0,0,0xeca,3786
train_000021.png,180,2,0xa,10
train_000022.png,0,0,0x469,1129
train_000023.png,0,0,0xe12,3602
train_000024.png,180,2,0x45e,1118
train_000025.png,180,2,0x0,0
train_000026.png,0,0,0xa5,165
train_000027.png,90,1,0x4fe,1278
train_000028.png,270,3,0x5,5
train_000029.png,270,3,0xf,15
train_000030.png,0,0,0x69,105
train_000031.png,180,2,0x3,3
train_000032.png,0,0,0xfcf,4047
train_000033.png,180,2,0xe91,3729
train_000034.png,90,1,0xa1b,2587
train_000035.png,90,1,0x892,2194
train_000036.png,180,2,0x6,6
train_000037.png,270,3,0x4e,78
train_000038.png,0,0,0x4fc,1276
train_000039.png,270,3,0x822,2082
train_000040.png,270,3,0x9,9
train_000041.png,270,3,0x64,100
train_000042.png,270,3,0xb,11
train_000043.png,270,3,0x17,23
train_000044.png,0,0,0x7db,2011
train_000045.png,180,2,0x50,80
train_000046.png,0,0,0x6,6
train_000047.png,180,2,0x3,3
train_000048.png,0,0,0xc0c,3084
train_000049.png,180,2,0x7da,2010
train_000050.png,90,1,0x3d,61
train_000051.png,0,0,0xf1,241
train_000052.png,180,2,0x67,103
train_000053.png,90,1,0x89e,2206
train_000054.png,270,3,0x97e,2430
train_000055.png,0,0,0x992,2450
train_000056.png,0,0,0x9,9
train_000057.png,270,3,0x0,0
train_000058.png,270,3,0x22,34
train_000059.png,90,1,0x716,1814
train_000060.png,90,1,0xb9,185
train_000061.png,180,2,0x586,1414
train_000062.png,90,1,0xe3,227
train_000063.png,270,3,0x90,144
train_000064.png,180,2,0x1a4,420
train_000065.png,0,0,0x69,105
train_000066.png,0,0,0x26,38
train_000067.png,270,3,0x6,6
train_000068.png,270,3,0x0,0
train_000069.png,90,1,0xfe,254
train_000070.png,0,0,0xd5,213
train_000071.png,90,1,0x99,153
train_000072.png,270,3,0xa,10
train_000073.png,90,1,0xa71,2673
train_000074.png,0,0,0xd8,216
train_000075.png,270,3,0x193,403
train_000076.png,270,3,0x9,9
train_000077.png,90,1,0x2,2
train_000078.png,270,3,0xbd,189
train_000079.png,90,1,0xea,234
train_000080.png,270,3,0xd6,214
train_000081.png,180,2,0x18,24
train_000082.png,180,2,0x8,8
train_000083.png,270,3,0x6da,1754
train_000084.png,0,0,0x4bd,1213
train_000085.png,270,3,0x4,4
train_000086.png,90,1,0xb7,183
train_000087.png,180,2,0xb,11
train_000088.png,0,0,0xa,10
train_000089.png,90,1,0x10b,267
train_000090.png,180,2,0x5,5
train_000091.png,270,3,0x48b,1163
train_000092.png,270,3,0xbf,191
train_000093.png,270,3,0x97d,2429
train_000094.png,270,3,0xe3,227
train_000095.png,0,0,0x2,2
train_000096.png,0,0,0x6a,106
train_000097.png,90,1,0x8b7,2231
train_000098.png,180,2,0x5,5
train_000099.png,0,0,0x97c,2428
train_000100.png,0,0,0x5,5
train_000101.png,0,0,0x7e,126
train_000102.png,0,0,0x9,9
train_000103.png,90,1,0x9f0,2544
train_000104.png,270,3,0xb3e,2878
train_000105.png,90,1,0xa6,166
train_000106.png,90,1,0x69,105
train_000107.png,90,1,0x8e7,2279
train_000108.png,90,1,0x21,33
train_000109.png,180,2,0x23,35
train_000110.png,180,2,0x89c,2204
train_000111.png,270,3,0x95d,2397
train_000112.png,0,0,0x28,40
train_000113.png,90,1,0x5f,95
train_000114.png,270,3,0x6ca,1738
train_000115.png,0,0,0xd55,3413
train_000116.png,90,1,0xd56,3414
train_000117.png,90,1,0x4d3,1235
train_000118.png,90,1,0x4,4
train_000119.png,180,2,0xf7,247
train_000120.png,180,2,0xc,12
train_000121.png,270,3,0xe4c,3660
train_000122.png,0,0,0x4c,76
train_000123.png,90,1,0x34c,844
train_000124.png,270,3,0x1b,27
train_000125.png,90,1,0xb,11
train_000126.png,270,3,0x9,9
train_000127.png,180,2,0xec,236
train_000128.png,180,2,0xf,15
train_000129.png,0,0,0xa,10
train_000130.png,270,3,0xb3,179
train_000131.png,270,3,0x4,4
train_000132.png,270,3,0x4,4
train_000133.png,180,2,0xc4,196
train_000134.png,0,0,0xe87,3719
train_000135.png,180,2,0x496,1174
train_000136.png,0,0,0x75,117
train_000137.png,270,3,0xbe,190
train_000138.png,0,0,0x372,882
train_000139.png,180,2,0x8,8
train_000140.png,0,0,0x2,2
train_000141.png,180,2,0x5d5,1493
train_000142.png,90,1,0xec,236
train_000143.png,0,0,0x83,131
train_000144.png,180,2,0xc89,3209
train_000145.png,90,1,0xb,11
train_000146.png,90,1,0xca,202
train_000147.png,180,2,0xbe2,3042
train_000148.png,0,0,0x1,1
train_000149.png,90,1,0xad,173
train_000150.png,180,2,0xbc,188
train_000151.png,0,0,0x8af,2223
train_000152.png,90,1,0xe,14
train_000153.png,180,2,0x8a7,2215
train_000154.png,90,1,0x9e,158
train_000155.png,180,2,0xc,12
train_000156.png,270,3,0x6,6
train_000157.png,90,1,0x3,3
train_000158.png,270,3,0x430,1072
train_000159.png,270,3,0x1,1
train_000160.png,180,2,0x84,132
train_000161.png,180,2,0x3fa,1018
train_000162.png,0,0,0xbb,187
train_000163.png,180,2,0xc90,3216
train_000164.png,0,0,0xfa8,4008
train_000165.png,270,3,0xdd4,3540
train_000166.png,0,0,0x2cb,715
train_000167.png,270,3,0xe,14
train_000168.png,180,2,0x6,6
train_000169.png,0,0,0x78,120
train_000170.png,270,3,0x24,36
train_000171.png,0,0,0x9,9
train_000172.png,0,0,0xd,13
train_000173.png,90,1,0x1b5,437
train_000174.png,180,2,0x9,9
train_000175.png,270,3,0xb,11
train_000176.png,90,1,0x9,9
train_000177.png,90,1,0xb5,181
train_000178.png,0,0,0x6,6
train_000179.png,90,1,0xaab,2731
train_000180.png,270,3,0x29,41
train_000181.png,180,2,0xff4,4084
train_000182.png,180,2,0xc9,201
train_000183.png,0,0,0x1,1
train_000184.png,0,0,0xb34,2868
train_000185.png,180,2,0xd,13
train_000186.png,270,3,0xb,11
train_000187.png,270,3,0x89d,2205
train_000188.png,90,1,0xf,15
train_000189.png,90,1,0xe22,3618
train_000190.png,0,0,0xced,3309
train_000191.png,0,0,0x55f,1375
train_000192.png,180,2,0x2,2
train_000193.png,270,3,0xd2,210
train_000194.png,180,2,0x13,19
train_000195.png,90,1,0x5d,93
train_000196.png,270,3,0xadd,2781
train_000197.png,90,1,0x62,98
train_000198.png,180,2,0x57,87
train_000199.png,90,1,0xdc,220
train_000200.png,270,3,0x22,34
train_000201.png,0,0,0x7,7
train_000202.png,270,3,0x0,0
train_000203.png,180,2,0xf,15
train_000204.png,180,2,0x28,40
train_000205.png,90,1,0x3ca,970
train_000206.png,270,3,0x6,6
train_000207.png,180,2,0x42,66
train_000208.png,180,2,0xae,174
train_000209.png,0,0,0xb,11
train_000210.png,90,1,0x59,89
train_000211.png,270,3,0xbf,191
train_000212.png,90,1,0x59e,1438
train_000213.png,0,0,0x80f,2063
train_000214.png,180,2,0xe,14
train_000215.png,90,1,0x1,1
train_000216.png,90,1,0xfb,251
train_000217.png,270,3,0x8,8
train_000218.png,270,3,0x63,99
train_000219.png,90,1,0xe3,227
train_000220.png,0,0,0xe,14
train_000221.png,90,1,0x27,39
train_000222.png,270,3,0x275,629
train_000223.png,0,0,0xc1,193
train_000224.png,270,3,0x4,4
train_000225.png,90,1,0x3,3
train_000226.png,90,1,0xa9d,2717
train_000227.png,270,3,0xb5,181
train_000228.png,90,1,0xec,236
train_000229.png,0,0,0x47,71
train_000230.png,0,0,0x995,2453
train_000231.png,270,3,0xb26,2854
train_000232.png,270,3,0xe,14
train_000233.png,270,3,0x95,149
train_000234.png,180,2,0x55,85
train_000235.png,180,2,0x8,8
train_000236.png,180,2,0xfb,251
train_000237.png,180,2,0xb,11
train_000238.png,180,2,0x26,38
train_000239.png,90,1,0xf68,3944
train_000240.png,270,3,0xca2,3234
train_000241.png,0,0,0xd,13
train_000242.png,0,0,0xb9,185
train_000243.png,180,2,0x2,2
train_000244.png,270,3,0x86,134
train_000245.png,90,1,0x7,7
train_000246.png,0,0,0x2a,42
train_000247.png,0,0,0xa60,2656
train_000248.png,0,0,0xe,14
train_000249.png,90,1,0x57,87
train_000250.png,270,3,0xd,13
train_000251.png,180,2,0x909,2313
train_000252.png,180,2,0x4b9,1209
train_000253.png,180,2,0x5,5
train_000254.png,90,1,0x9a,154
train_000255.png,90,1,0xc7,199
train_000256.png,270,3,0x29d,669
train_000257.png,180,2,0x5,5
train_000258.png,90,1,0x617,1559
train_000259.png,90,1,0xf2a,3882
train_000260.png,180,2,0x0,0
train_000261.png,270,3,0xb6a,2922
train_000262.png,180,2,0xc,12
train_000263.png,90,1,0xf3c,3900
train_000264.png,90,1,0x1,1
train_000265.png,90,1,0x9,9
train_000266.png,180,2,0xe,14
train_000267.png,270,3,0x4a3,1187
train_000268.png,270,3,0x18e,398
train_000269.png,90,1,0x4,4
train_000270.png,0,0,0x9e,158
train_000271.png,0,0,0x36,54
train_000272.png,180,2,0x53,83
train_000273.png,90,1,0xf,15
train_000274.png,90,1,0xce,206
train_000275.png,0,0,0xda9,3497
train_000276.png,90,1,0x7,7
train_000277.png,180,2,0xa8,168
train_000278.png,0,0,0x6,6
train_000279.png,270,3,0x5,5
train_000280.png,180,2,0x50,80
train_000281.png,180,2,0x2ba,698
train_000282.png,0,0,0x777,1911
train_000283.png,0,0,0xc54,3156
train_000284.png,180,2,0x5,5
train_000285.png,180,2,0x9,9
train_000286.png,0,0,0x71b,1819
train_000287.png,90,1,0xec,236
train_000288.png,90,1,0xd9,217
train_000289.png,180,2,0xa,10
train_000290.png,270,3,0xa6b,2667
train_000291.png,180,2,0x6b,107
train_000292.png,0,0,0xc6,198
train_000293.png,0,0,0x3,3
train_000294.png,270,3,0x29d,669
train_000295.png,270,3,0x6,6
train_000296.png,180,2,0x0,0
train_000297.png,180,2,0x4b2,1202
train_000298.png,270,3,0x2da,730
train_000299.png,0,0,0xe0,224
train_000300.png,90,1,0x4,4
train_000301.png,180,2,0x176,374
train_000302.png,0,0,0xee4,3812
train_000303.png,270,3,0xca0,3232
train_000304.png,270,3,0xee,238
train_000305.png,0,0,0x81,129
train_000306.png,270,3,0x19,25
train_000307.png,180,2,0xe3,227
train_000308.png,0,0,0x48c,1164
train_000309.png,270,3,0xd,13
train_000310.png,270,3,0x3,3
train_000311.png,270,3,0xd7f,3455
train_000312.png,270,3,0xfa7,4007
train_000313.png,180,2,0xcca,3274
train_000314.png,180,2,0x2d8,728
train_000315.png,0,0,0x2b4,692
train_000316.png,90,1,0x9,9
train_000317.png,90,1,0xd8c,3468
train_000318.png,0,0,0x505,1285
train_000319.png,90,1,0x82,130
train_000320.png,90,1,0xe89,3721
train_000321.png,270,3,0x9cd,2509
train_000322.png,0,0,0x48,72
train_000323.png,0,0,0x689,1673
train_000324.png,270,3,0x9a,154
train_000325.png,180,2,0x251,593
train_000326.png,270,3,0xe11,3601
train_000327.png,90,1,0x78,120
train_000328.png,0,0,0xfd,253
train_000329.png,270,3,0x7,7
train_000330.png,90,1,0x1,1
train_000331.png,90,1,0x7,7
train_000332.png,180,2,0x213,531
train_000333.png,90,1,0x8c,140
train_000334.png,0,0,0x4f,79
train_000335.png,270,3,0x6b,107
train_000336.png,180,2,0xf2e,3886
train_000337.png,0,0,0x52b,1323
train_000338.png,90,1,0x90,144
train_000339.png,270,3,0x5,5
train_000340.png,90,1,0x8,8
train_000341.png,180,2,0x8,8
train_000342.png,90,1,0x77e,1918
train_000343.png,180,2,0x4,4
train_000344.png,270,3,0x5,5
train_000345.png,0,0,0x8,8
train_000346.png,90,1,0xab,171
train_000347.png,90,1,0xbf8,3064
train_000348.png,90,1,0x28a,650
train_000349.png,270,3,0x7bb,1979
train_000350.png,270,3,0x8,8
train_000351.png,0,0,0x11d,285
train_000352.png,270,3,0x6d9,1753
train_000353.png,180,2,0xa3,163
train_000354.png,0,0,0xc,12
train_000355.png,90,1,0xfd,253
train_000356.png,0,0,0xf,15
train_000357.png,90,1,0x193,403
train_000358.png,0,0,0xc42,3138
train_000359.png,90,1,0x41c,1052
train_000360.png,180,2,0xe02,3586
train_000361.png,270,3,0xeca,3786
train_000362.png,180,2,0x992,2450
train_000363.png,90,1,0x54e,1358
train_000364.png,90,1,0x7,7
train_000365.png,270,3,0xae,174
train_000366.png,0,0,0xdc9,3529
train_000367.png,180,2,0x122,290
train_000368.png,180,2,0x3f,63
train_000369.png,0,0,0x551,1361
train_000370.png,90,1,0x8f,143
train_000371.png,0,0,0x8,8
train_000372.png,180,2,0xd,13
train_000373.png,270,3,0xc,12
train_000374.png,0,0,0x5,5
train_000375.png,270,3,0x3a,58
train_000376.png,0,0,0x2,2
train_000377.png,270,3,0x4a,74
train_000378.png,270,3,0xee,238
train_000379.png,180,2,0x8b,139
train_000380.png,0,0,0xfc0,4032
train_000381.png,90,1,0xf1,241
train_000382.png,180,2,0xb6,182
train_000383.png,270,3,0xa,10
train_000384.png,0,0,0x0,0
train_000385.png,0,0,0x1,1
train_000386.png,0,0,0x4fb,1275
train_000387.png,270,3,0xbe,190
train_000388.png,90,1,0xf3,243
train_000389.png,90,1,0x1,1
train_000390.png,0,0,0xb,11
train_000391.png,270,3,0x416,1046
train_000392.png,90,1,0x3fc,1020
train_000393.png,270,3,0xe1,225
train_000394.png,90,1,0xc8,200
train_000395.png,0,0,0x2,2
train_000396.png,270,3,0xafb,2811
train_000397.png,270,3,0x1f8,504
train_000398.png,0,0,0x3,3
train_000399.png,0,0,0xa39,2617
train_000400.png,90,1,0xa99,2713
train_000401.png,90,1,0x9ba,2490
train_000402.png,90,1,0x11,17
train_000403.png,180,2,0x4,4
train_000404.png,270,3,0xf,15
train_000405.png,180,2,0xf1,241
train_000406.png,0,0,0x96,150
train_000407.png,270,3,0xa34,2612
train_000408.png,0,0,0x90,144
train_000409.png,90,1,0x8,8
train_000410.png,0,0,0x3b,59
train_000411.png,0,0,0x1df,479
train_000412.png,270,3,0xa,10
train_000413.png,270,3,0xf7f,3967
train_000414.png,0,0,0xb9,185
train_000415.png,0,0,0x8c,140
train_000416.png,180,2,0x8d,141
train_000417.png,270,3,0x8,8
train_000418.png,270,3,0xf8,248
train_000419.png,90,1,0xf8,248
train_000420.png,0,0,0xf1,241
train_000421.png,0,0,0x5,5
train_000422.png,0,0,0xd7a,3450
train_000423.png,90,1,0x7,7
train_000424.png,270,3,0x632,1586
train_000425.png,0,0,0x84,132
train_000426.png,90,1,0x80,128
train_000427.png,270,3,0x83a,2106
train_000428.png,0,0,0xe,14
train_000429.png,0,0,0x3,3
train_000430.png,270,3,0x716,1814
train_000431.png,270,3,0x5f,95
train_000432.png,270,3,0xdeb,3563
train_000433.png,90,1,0x5,5
train_000434.png,0,0,0xd,13
train_000435.png,180,2,0x2,2
train_000436.png,0,0,0xec0,3776
train_000437.png,270,3,0xc04,3076
train_000438.png,270,3,0xde,222
train_000439.png,270,3,0x1b,27
train_000440.png,0,0,0xa,10
train_000441.png,270,3,0x4,4
train_000442.png,180,2,0xc99,3225
train_000443.png,180,2,0xa,10
train_000444.png,0,0,0x79,121
train_000445.png,90,1,0xe,14
train_000446.png,0,0,0xbd3,3027
train_000447.png,180,2,0xf3,243
train_000448.png,180,2,0x98,152
train_000449.png,180,2,0x34,52
train_000450.png,270,3,0x1ce,462
train_000451.png,180,2,0x2,2
train_000452.png,270,3,0x7,7
train_000453.png,0,0,0x2c,44
train_000454.png,180,2,0xb64,2916
train_000455.png,0,0,0x45,69
train_000456.png,270,3,0xe,14
train_000457.png,0,0,0x4,4
train_000458.png,90,1,0xa,10
train_000459.png,90,1,0x1f,31
train_000460.png,270,3,0xa71,2673
train_000461.png,180,2,0x37,55
train_000462.png,0,0,0xd,13
train_000463.png,180,2,0x5,5
train_000464.png,270,3,0x6e5,1765
train_000465.png,0,0,0xf,15
train_000466.png,0,0,0x84,132
train_000467.png,180,2,0xd8f,3471
train_000468.png,90,1,0x23a,570
train_000469.png,270,3,0xde,222
train_000470.png,270,3,0xd5,213
train_000471.png,0,0,0xe,14
train_000472.png,180,2,0xd,13
train_000473.png,180,2,0x55,85
train_000474.png,180,2,0x12b,299
train_000475.png,0,0,0x278,632
train_000476.png,90,1,0xb8,184
train_000477.png,270,3,0xd4,212
train_000478.png,0,0,0xe0,224
train_000479.png,270,3,0x3,3
train_000480.png,0,0,0xc,12
train_000481.png,270,3,0xd7e,3454
train_000482.png,180,2,0x5d8,1496
train_000483.png,90,1,0x1,1
train_000484.png,90,1,0x1,1
train_000485.png,0,0,0xa,10
train_000486.png,90,1,0x1,1
train_000487.png,180,2,0xe,14
train_000488.png,270,3,0xdf,223
train_000489.png,180,2,0x3,3
train_000490.png,90,1,0xf,15
train_000491.png,90,1,0x555,1365
train_000492.png,180,2,0x7b,123
train_000493.png,180,2,0x6,6
train_000494.png,180,2,0xd,13
train_000495.png,270,3,0x2db,731
train_000496.png,180,2,0x3,3
train_000497.png,90,1,0x847,2119
train_000498.png,180,2,0x3,3
train_000499.png,0,0,0xeb,235
train_000500.png,180,2,0xa4,164
train_000501.png,270,3,0x74f,1871
train_000502.png,180,2,0x4d,77
train_000503.png,90,1,0x77c,1916
train_000504.png,270,3,0xc2,194
train_000505.png,0,0,0xc,12
train_000506.png,90,1,0x4d,77
train_000507.png,270,3,0x1d,29
train_000508.png,0,0,0xe,14
train_000509.png,90,1,0x0,0
train_000510.png,0,0,0xa,10
train_000511.png,270,3,0xa1,161
train_000512.png,270,3,0x5,5
train_000513.png,0,0,0xa3,163
train_000514.png,270,3,0x399,921
train_000515.png,180,2,0xf5,245
train_000516.png,90,1,0x9d0,2512
train_000517.png,180,2,0x0,0
train_000518.png,180,2,0x35,53
train_000519.png,90,1,0xf34,3892
train_000520.png,90,1,0x9,9
train_000521.png,270,3,0xe,14
train_000522.png,270,3,0xcd6,3286
train_000523.png,270,3,0xf,15
train_000524.png,180,2,0xbf9,3065
train_000525.png,90,1,0x39,57
train_000526.png,0,0,0xd0a,3338
train_000527.png,0,0,0xa47,2631
train_000528.png,0,0,0x4,4
train_000529.png,270,3,0xfa,250
train_000530.png,0,0,0xe08,3592
train_000531.png,0,0,0x0,0
train_000532.png,0,0,0x9,9
train_000533.png,0,0,0x8,8
train_000534.png,90,1,0x410,1040
train_000535.png,270,3,0x2b7,695
train_000536.png,90,1,0xd3,211
train_000537.png,270,3,0xd,13
train_000538.png,0,0,0x80,128
train_000539.png,0,0,0x42,66
train_000540.png,270,3,0x89,137
train_000541.png,0,0,0x1,1
train_000542.png,0,0,0xd06,3334
train_000543.png,0,0,0xf1,241
train_000544.png,90,1,0x7e,126
train_000545.png,0,0,0x53,83
train_000546.png,180,2,0xdf,223
train_000547.png,90,1,0x7,7
train_000548.png,270,3,0xed0,3792
train_000549.png,0,0,0x29,41
train_000550.png,90,1,0xb2,178
train_000551.png,0,0,0x663,1635
train_000552.png,270,3,0x9a3,2467
train_000553.png,270,3,0xe,14
train_000554.png,270,3,0x7,7
train_000555.png,180,2,0xb5,181
train_000556.png,270,3,0xf7d,3965
train_000557.png,270,3,0x1,1
train_000558.png,270,3,0xe7b,3707
train_000559.png,90,1,0x2f4,756
train_000560.png,90,1,0x8,8
train_000561.png,90,1,0xf1,241
train_000562.png,90,1,0x9d,157
train_000563.png,180,2,0x27,39
train_000564.png,0,0,0x88,136
train_000565.png,180,2,0xaa,170
train_000566.png,0,0,0x43,67
train_000567.png,270,3,0x83,131
train_000568.png,90,1,0xf0,240
train_000569.png,90,1,0xc3,195
train_000570.png,0,0,0x969,2409
train_000571.png,180,2,0x8e8,2280
train_000572.png,90,1,0x9,9
train_000573.png,270,3,0x465,1125
train_000574.png,180,2,0xbbb,3003
train_000575.png,0,0,0x3de,990
train_000576.png,180,2,0xa,10
train_000577.png,180,2,0xf4,244
train_000578.png,0,0,0x5,5
train_000579.png,270,3,0x8e,142
train_000580.png,90,1,0x110,272
train_000581.png,270,3,0xa7,167
train_000582.png,180,2,0xe,14
train_000583.png,0,0,0xaa2,2722
train_000584.png,270,3,0x58,88
train_000585.png,180,2,0x289,649
train_000586.png,180,2,0x3fb,1019
train_000587.png,180,2,0x7f,127
train_000588.png,0,0,0x3,3
train_000589.png,0,0,0xb95,2965
train_000590.png,270,3,0xdec,3564
train_000591.png,0,0,0x2d,45
train_000592.png,180,2,0xbc7,3015
train_000593.png,0,0,0xf,15
train_000594.png,90,1,0x7c,124
train_000595.png,180,2,0xe45,3653
train_000596.png,0,0,0x76,118
train_000597.png,270,3,0x60d,1549
train_000598.png,0,0,0x9,9
train_000599.png,90,1,0xc9,201
train_000600.png,0,0,0x8b9,2233
train_000601.png,0,0,0xb,11
train_000602.png,90,1,0x7,7
train_000603.png,0,0,0xdc,220
train_000604.png,90,1,0x2e3,739
train_000605.png,180,2,0x3,3
train_000606.png,180,2,0xc7,199
train_000607.png,270,3,0xf5,245
train_000608.png,270,3,0xd,13
train_000609.png,180,2,0x12,18
train_000610.png,90,1,0x25,37
train_000611.png,180,2,0x38f,911
train_000612.png,180,2,0x91e,2334
train_000613.png,90,1,0x5c,92
train_000614.png,180,2,0x29,41
train_000615.png,270,3,0x9f1,2545
train_000616.png,90,1,0x4,4
train_000617.png,180,2,0xd,13
train_000618.png,0,0,0x4,4
train_000619.png,0,0,0x694,1684
train_000620.png,90,1,0xb2e,2862
train_000621.png,180,2,0x1bb,443
train_000622.png,0,0,0x1,1
train_000623.png,180,2,0x7,7
train_000624.png,180,2,0x3e,62
train_000625.png,0,0,0x9,9
train_000626.png,90,1,0xf4,244
train_000627.png,0,0,0x1f,31
train_000628.png,90,1,0xb6c,2924
train_000629.png,90,1,0x7c7,1991
train_000630.png,180,2,0x503,1283
train_000631.png,180,2,0xc,12
train_000632.png,180,2,0x83e,2110
train_000633.png,270,3,0x0,0
train_000634.png,0,0,0xe0,224
train_000635.png,90,1,0x12,18
train_000636.png,90,1,0x6c,108
train_000637.png,270,3,0x6,6
train_000638.png,180,2,0x0,0
train_000639.png,270,3,0x56,86
train_000640.png,270,3,0x11,17
train_000641.png,90,1,0xa,10
train_000642.png,0,0,0x4d,77
train_000643.png,270,3,0x2ff,767
train_000644.png,0,0,0x1,1
train_000645.png,270,3,0x86,134
train_000646.png,0,0,0x2,2
train_000647.png,90,1,0x1,1
train_000648.png,180,2,0x6e,110
train_000649.png,90,1,0xf89,3977
train_000650.png,180,2,0x64,100
train_000651.png,90,1,0xcc,204
train_000652.png,0,0,0x2d7,727
train_000653.png,90,1,0x8,8
train_000654.png,270,3,0xd99,3481
train_000655.png,0,0,0x4,4
train_000656.png,90,1,0x5b4,1460
train_000657.png,270,3,0xad6,2774
train_000658.png,270,3,0x8ea,2282
train_000659.png,270,3,0x9,9
train_000660.png,90,1,0x1a8,424
train_000661.png,90,1,0x4b,75
train_000662.png,0,0,0x2,2
train_000663.png,90,1,0xaaa,2730
train_000664.png,270,3,0xd1f,3359
train_000665.png,270,3,0xe,14
train_000666.png,0,0,0x33,51
train_000667.png,270,3,0xd0a,3338
train_000668.png,270,3,0x44,68
train_000669.png,90,1,0xf,15
train_000670.png,0,0,0xa,10
train_000671.png,90,1,0x9,9
train_000672.png,90,1,0x20,32
train_000673.png,180,2,0xf18,3864
train_000674.png,270,3,0x72,114
train_000675.png,0,0,0xc9f,3231
train_000676.png,270,3,0x3a,58
train_000677.png,90,1,0x19,25
train_000678.png,270,3,0xf,15
train_000679.png,180,2,0xe,14
train_000680.png,270,3,0x0,0
train_000681.png,180,2,0x2,2
train_000682.png,90,1,0x450,1104
train_000683.png,270,3,0x2,2
train_000684.png,90,1,0x28,40
train_000685.png,270,3,0xa,10
train_000686.png,180,2,0xd,13
train_000687.png,270,3,0xf09,3849
train_000688.png,180,2,0x4e,78
train_000689.png,270,3,0x118,280
train_000690.png,90,1,0x240,576
train_000691.png,90,1,0xec,236
train_000692.png,0,0,0x7d,125
train_000693.png,270,3,0xab2,2738
train_000694.png,270,3,0x6f8,1784
train_000695.png,90,1,0x51,81
train_000696.png,90,1,0x18,24
train_000697.png,180,2,0x5,5
train_000698.png,270,3,0xd,13
train_000699.png,0,0,0xa29,2601
train_000700.png,270,3,0x3,3
train_000701.png,90,1,0x3e,62
train_000702.png,270,3,0xf9b,3995
train_000703.png,270,3,0xd2b,3371
train_000704.png,270,3,0x952,2386
train_000705.png,180,2,0x760,1888
train_000706.png,0,0,0x2f7,759
train_000707.png,90,1,0xa,10
train_000708.png,180,2,0xfe,254
train_000709.png,180,2,0x9c7,2503
train_000710.png,0,0,0xc7,199
train_000711.png,90,1,0xb23,2851
train_000712.png,270,3,0xb46,2886
train_000713.png,0,0,0x6e2,1762
train_000714.png,180,2,0xdc,220
train_000715.png,90,1,0xbe,190
train_000716.png,180,2,0xa2e,2606
train_000717.png,90,1,0xcc5,3269
train_000718.png,180,2,0xbd,189
train_000719.png,0,0,0x5dd,1501
train_000720.png,0,0,0xc9,201
train_000721.png,0,0,0xb,11
train_000722.png,90,1,0x3,3
train_000723.png,180,2,0xb73,2931
train_000724.png,180,2,0xcec,3308
train_000725.png,90,1,0xe0,224
train_000726.png,0,0,0x5,5
train_000727.png,0,0,0x3,3
train_000728.png,270,3,0xf,15
train_000729.png,90,1,0xeb,235
train_000730.png,180,2,0xb6,182
train_000731.png,90,1,0x6f4,1780
train_000732.png,0,0,0x2f,47
train_000733.png,90,1,0x12,18
train_000734.png,0,0,0x695,1685
train_000735.png,180,2,0xbd8,3032
train_000736.png,270,3,0xcc4,3268
train_000737.png,270,3,0x596,1430
train_000738.png,180,2,0x2,2
train_000739.png,270,3,0x923,2339
train_000740.png,0,0,0x7cc,1996
train_000741.png,270,3,0x7,7
train_000742.png,180,2,0x4ff,1279
train_000743.png,0,0,0xf4,244
train_000744.png,270,3,0x12,18
train_000745.png,90,1,0x75,117
train_000746.png,270,3,0xb,11
train_000747.png,270,3,0x540,1344
train_000748.png,90,1,0x3,3
train_000749.png,270,3,0x5a,90
train_000750.png,90,1,0xe21,3617
train_000751.png,90,1,0x4,4
train_000752.png,90,1,0xa,10
train_000753.png,180,2,0x5,5
train_000754.png,270,3,0x65,101
train_000755.png,90,1,0x56a,1386
train_000756.png,0,0,0xa,10
train_000757.png,180,2,0x82,130
train_000758.png,90,1,0x1b,27
train_000759.png,270,3,0xab,171
train_000760.png,180,2,0x9,9
train_000761.png,90,1,0xef,239
train_000762.png,90,1,0xf5,245
train_000763.png,0,0,0xcee,3310
train_000764.png,90,1,0xb13,2835
train_000765.png,270,3,0x5,5
train_000766.png,0,0,0x2,2
train_000767.png,270,3,0x15,21
train_000768.png,0,0,0xa,10
train_000769.png,90,1,0x1,1
train_000770.png,90,1,0x7,7
train_000771.png,270,3,0x3,3
train_000772.png,90,1,0x97,151
train_000773.png,180,2,0xb9,185
train_000774.png,180,2,0xc,12
train_000775.png,90,1,0x6a,106
train_000776.png,270,3,0x994,2452
train_000777.png,180,2,0x6,6
train_000778.png,180,2,0x34,52
train_000779.png,270,3,0x1d,29
train_000780.png,0,0,0xd,13
train_000781.png,270,3,0xc1f,3103
train_000782.png,270,3,0xc61,3169
train_000783.png,90,1,0xae,174
train_000784.png,270,3,0x1,1
train_000785.png,90,1,0x2b4,692
train_000786.png,0,0,0xda4,3492
train_000787.png,180,2,0xc9,201
train_000788.png,270,3,0xee6,3814
train_000789.png,90,1,0x942,2370
train_000790.png,0,0,0xd63,3427
train_000791.png,0,0,0x9,9
train_000792.png,180,2,0x2,2
train_000793.png,0,0,0xeb,235
train_000794.png,180,2,0xd,13
train_000795.png,180,2,0x38,56
train_000796.png,0,0,0xd4,212
train_000797.png,180,2,0x19,25
train_000798.png,270,3,0x46,70
train_000799.png,180,2,0x839,2105
train_000800.png,90,1,0xb,11
train_000801.png,0,0,0xbaf,2991
train_000802.png,90,1,0xff,255
train_000803.png,270,3,0xa41,2625
train_000804.png,90,1,0xa3a,2618
train_000805.png,270,3,0x6a,106
train_000806.png,270,3,0x58,88
train_000807.png,0,0,0x143,323
train_000808.png,180,2,0x46,70
train_000809.png,0,0,0xd8,216
train_000810.png,0,0,0x18,24
train_000811.png,90,1,0x743,1859
train_000812.png,270,3,0x94,148
train_000813.png,90,1,0x44,68
train_000814.png,90,1,0xb2,178
train_000815.png,180,2,0x1d3,467
train_000816.png,180,2,0x2,2
train_000817.png,90,1,0x7b7,1975
train_000818.png,0,0,0x68,104
train_000819.png,90,1,0xb,11
train_000820.png,0,0,0xc5,197
train_000821.png,90,1,0xe89,3721
train_000822.png,270,3,0xcf4,3316
train_000823.png,180,2,0x78e,1934
train_000824.png,90,1,0x6f2,1778
train_000825.png,270,3,0xaa,170
train_000826.png,270,3,0xe0,224
train_000827.png,270,3,0x0,0
train_000828.png,180,2,0x142,322
train_000829.png,270,3,0x1c0,448
train_000830.png,0,0,0x3,3
train_000831.png,0,0,0xf2,242
train_000832.png,90,1,0xe,14
train_000833.png,270,3,0x8d7,2263
train_000834.png,0,0,0xf,15
train_000835.png,180,2,0x843,2115
train_000836.png,0,0,0x7c,124
train_000837.png,270,3,0x8,8
train_000838.png,270,3,0x656,1622
train_000839.png,180,2,0xab8,2744
train_000840.png,90,1,0x3,3
train_000841.png,90,1,0xb3,179
train_000842.png,90,1,0xbe,190
train_000843.png,0,0,0x0,0
train_000844.png,90,1,0x90c,2316
train_000845.png,270,3,0x6d,109
train_000846.png,90,1,0xeb,235
train_000847.png,90,1,0xb3,179
train_000848.png,180,2,0xa6,166
train_000849.png,180,2,0x2c,44
train_000850.png,0,0,0x13,19
train_000851.png,0,0,0x33,51
train_000852.png,90,1,0x425,1061
train_000853.png,180,2,0xa8,168
train_000854.png,90,1,0x5e,94
train_000855.png,180,2,0xff5,4085
train_000856.png,0,0,0x9,9
train_000857.png,90,1,0xbb,187
train_000858.png,180,2,0x8b4,2228
train_000859.png,90,1,0x4,4
train_000860.png,0,0,0x28c,652
train_000861.png,90,1,0x8,8
train_000862.png,90,1,0xcdd,3293
train_000863.png,270,3,0xdcc,3532
train_000864.png,270,3,0xb,11
train_000865.png,0,0,0x4,4
train_000866.png,270,3,0xf,15
train_000867.png,180,2,0xae1,2785
train_000868.png,180,2,0x7,7
train_000869.png,270,3,0xab,171
train_000870.png,270,3,0x593,1427
train_000871.png,90,1,0x4,4
train_000872.png,270,3,0x6a2,1698
train_000873.png,180,2,0x3,3
train_000874.png,0,0,0x9,9
train_000875.png,270,3,0xb7,183
train_000876.png,90,1,0x22,34
train_000877.png,270,3,0x8,8
train_000878.png,0,0,0xc,12
train_000879.png,90,1,0xe,14
train_000880.png,270,3,0xd0a,3338
train_000881.png,270,3,0x9,9
train_000882.png,0,0,0x9b,155
train_000883.png,180,2,0x4e8,1256
train_000884.png,90,1,0x4b0,1200
train_000885.png,0,0,0xf,15
train_000886.png,270,3,0xc,12
train_000887.png,0,0,0xd12,3346
train_000888.png,0,0,0xc,12
train_000889.png,90,1,0x87,135
train_000890.png,180,2,0x750,1872
train_000891.png,180,2,0xe,14
train_000892.png,180,2,0x9d2,2514
train_000893.png,0,0,0x3,3
train_000894.png,180,2,0xb,11
train_000895.png,180,2,0x7a7,1959
train_000896.png,270,3,0xaf,175
train_000897.png,90,1,0xe4,228
train_000898.png,0,0,0xdc5,3525
train_000899.png,180,2,0xb,11
train_000900.png,0,0,0xb7,183
train_000901.png,270,3,0xa5b,2651
train_000902.png,90,1,0x13,19
train_000903.png,90,1,0x4,4
train_000904.png,0,0,0x1b9,441
train_000905.png,90,1,0xd41,3393
train_000906.png,90,1,0xc8f,3215
train_000907.png,180,2,0x4,4
train_000908.png,0,0,0x56,86
train_000909.png,90,1,0x6,6
train_000910.png,180,2,0x9,9
train_000911.png,270,3,0x26,38
train_000912.png,90,1,0x65d,1629
train_000913.png,90,1,0xb93,2963
train_000914.png,270,3,0xf,15
train_000915.png,270,3,0xac7,2759
train_000916.png,180,2,0x9,9
train_000917.png,270,3,0x63,99
train_000918.png,270,3,0x797,1943
train_000919.png,270,3,0xdf,223
train_000920.png,90,1,0xf02,3842
train_000921.png,270,3,0xa,10
train_000922.png,90,1,0xdd,221
train_000923.png,270,3,0x1a,26
train_000924.png,270,3,0x8,8
train_000925.png,90,1,0xebf,3775
train_000926.png,270,3,0x7d,125
train_000927.png,270,3,0xd3,211
train_000928.png,180,2,0x34,52
train_000929.png,90,1,0xf,15
train_000930.png,90,1,0xdb7,3511
train_000931.png,0,0,0x30,48
train_000932.png,270,3,0xf,15
train_000933.png,90,1,0x9,9
train_000934.png,90,1,0xf,15
train_000935.png,270,3,0x28,40
train_000936.png,180,2,0xa5,165
train_000937.png,0,0,0x476,1142
train_000938.png,270,3,0x5,5
train_000939.png,90,1,0xdea,3562
train_000940.png,180,2,0xe6,230
train_000941.png,270,3,0xc1,193
train_000942.png,270,3,0x6,6
train_000943.png,180,2,0xfbe,4030
train_000944.png,0,0,0xfd7,4055
train_000945.png,180,2,0x4,4
train_000946.png,180,2,0x8,8
train_000947.png,0,0,0x773,1907
train_000948.png,270,3,0x8,8
train_000949.png,0,0,0x87,135
train_000950.png,180,2,0xb06,2822
train_000951.png,90,1,0x1d,29
train_000952.png,180,2,0xc2,194
train_000953.png,90,1,0xa19,2585
train_000954.png,180,2,0xe,14
train_000955.png,180,2,0x2ac,684
train_000956.png,90,1,0xe,14
train_000957.png,270,3,0x76b,1899
train_000958.png,0,0,0x5,5
train_000959.png,0,0,0x9,9
train_000960.png,180,2,0x24,36
train_000961.png,180,2,0xf,15
train_000962.png,270,3,0xa,10
train_000963.png,180,2,0xbb,187
train_000964.png,0,0,0x4ae,1198
train_000965.png,180,2,0xbc,188
train_000966.png,180,2,0xcb9,3257
train_000967.png,270,3,0x9,9
train_000968.png,0,0,0xd,13
train_000969.png,270,3,0x1c,28
train_000970.png,180,2,0x8,8
train_000971.png,90,1,0x2,2
train_000972.png,270,3,0x2,2
train_000973.png,270,3,0x15,21
train_000974.png,180,2,0x939,2361
train_000975.png,180,2,0xbbe,3006
train_000976.png,180,2,0xa9,169
train_000977.png,270,3,0xa86,2694
train_000978.png,90,1,0xc29,3113
train_000979.png,0,0,0xb,11
train_000980.png,270,3,0x9,9
train_000981.png,90,1,0x9,9
train_000982.png,180,2,0xb1,177
train_000983.png,180,2,0x38,56
train_000984.png,270,3,0x40,64
train_000985.png,90,1,0xf,15
train_000986.png,270,3,0xc9,201
train_000987.png,270,3,0xe,14
train_000988.png,0,0,0x184,388
train_000989.png,0,0,0x8b,139
train_000990.png,270,3,0x3,3
train_000991.png,90,1,0x45,69
train_000992.png,180,2,0xc3,195
train_000993.png,180,2,0x388,904
train_000994.png,270,3,0xb3,179
train_000995.png,180,2,0x37e,894
train_000996.png,0,0,0x209,521
train_000997.png,270,3,0xa1,161
train_000998.png,270,3,0x294,660
train_000999.png,90,1,0xdc,220
train_001000.png,90,1,0xe4a,3658
train_001001.png,180,2,0x22b,555
train_001002.png,270,3,0xe,14
train_001003.png,90,1,0x91,145
train_001004.png,90,1,0x11,17
train_001005.png,180,2,0xbfd,3069
train_001006.png,0,0,0x5cd,1485
train_001007.png,180,2,0x894,2196
train_001008.png,180,2,0x6a9,1705
train_001009.png,180,2,0xde2,3554
train_001010.png,270,3,0x9e,158
train_001011.png,270,3,0xc,12
train_001012.png,180,2,0xfc,252
train_001013.png,90,1,0x268,616
train_001014.png,180,2,0xf7,247
train_001015.png,90,1,0xd,13
train_001016.png,180,2,0x8df,2271
train_001017.png,270,3,0xb67,2919
train_001018.png,90,1,0xa34,2612
train_001019.png,0,0,0x7,7
train_001020.png,180,2,0xee0,3808
train_001021.png,0,0,0xee,238
train_001022.png,180,2,0x4,4
train_001023.png,90,1,0xa7,167
train_001024.png,180,2,0x611,1553
train_001025.png,270,3,0xeb,235
train_001026.png,270,3,0x8,8
train_001027.png,0,0,0x6,6
train_001028.png,90,1,0xf1,241
train_001029.png,0,0,0x17,23
train_001030.png,90,1,0x0,0
train_001031.png,90,1,0xdf3,3571
train_001032.png,270,3,0xcf,207
train_001033.png,180,2,0x2af,687
train_001034.png,180,2,0x6f,111
train_001035.png,0,0,0x1,1
train_001036.png,270,3,0xe,14
train_001037.png,180,2,0xde,222
train_001038.png,0,0,0x305,773
train_001039.png,0,0,0x3eb,1003
train_001040.png,0,0,0x6cd,1741
train_001041.png,90,1,0xac1,2753
train_001042.png,180,2,0x9,9
train_001043.png,90,1,0xf,15
train_001044.png,90,1,0x2f,47
train_001045.png,0,0,0xa93,2707
train_001046.png,180,2,0xc,12
train_001047.png,0,0,0xb,11
train_001048.png,180,2,0xb3,179
train_001049.png,90,1,0x7f0,2032
train_001050.png,0,0,0x284,644
train_001051.png,180,2,0xd9c,3484
train_001052.png,90,1,0x3e4,996
train_001053.png,180,2,0x8,8
train_001054.png,270,3,0xd7,215
train_001055.png,0,0,0x272,626
train_001056.png,180,2,0xf5,245
train_001057.png,270,3,0xc21,3105
train_001058.png,270,3,0xc,12
train_001059.png,0,0,0x4,4
train_001060.png,90,1,0x9,9
train_001061.png,270,3,0x52f,1327
train_001062.png,0,0,0x326,806
train_001063.png,180,2,0x7,7
train_001064.png,270,3,0x7fa,2042
train_001065.png,0,0,0x56a,1386
train_001066.png,270,3,0x99,153
train_001067.png,180,2,0x2ea,746
train_001068.png,270,3,0x2e9,745
train_001069.png,90,1,0x9,9
train_001070.png,180,2,0xd0,208
train_001071.png,0,0,0x72,114
train_001072.png,180,2,0x4,4
train_001073.png,0,0,0x19e,414
train_001074.png,0,0,0x41,65
train_001075.png,0,0,0x4f,79
train_001076.png,0,0,0x274,628
train_001077.png,180,2,0xe,14
train_001078.png,270,3,0x8f,143
train_001079.png,180,2,0x1c4,452
train_001080.png,180,2,0xc2f,3119
train_001081.png,0,0,0x44,68
train_001082.png,90,1,0xfa,250
train_001083.png,90,1,0xcc9,3273
train_001084.png,270,3,0xe,14
train_001085.png,90,1,0x51a,1306
train_001086.png,0,0,0xe8b,3723
train_001087.png,0,0,0xde7,3559
train_001088.png,90,1,0x616,1558
train_001089.png,270,3,0x37,55
train_001090.png,180,2,0x393,915
train_001091.png,180,2,0x4,4
train_001092.png,0,0,0xf,15
train_001093.png,180,2,0x847,2119
train_001094.png,180,2,0xb,11
train_001095.png,180,2,0xc,12
train_001096.png,90,1,0x6,6
train_001097.png,180,2,0x5e9,1513
train_001098.png,180,2,0xf3d,3901
train_001099.png,270,3,0xd82,3458
train_001100.png,0,0,0x2,2
train_001101.png,180,2,0xb,11
train_001102.png,90,1,0xd,13
train_001103.png,270,3,0x1,1
train_001104.png,270,3,0xf,15
train_001105.png,0,0,0x427,1063
train_001106.png,90,1,0xe9,233
train_001107.png,180,2,0x82,130
train_001108.png,0,0,0x71,113
train_001109.png,270,3,0x679,1657
train_001110.png,180,2,0xf55,3925
train_001111.png,0,0,0x137,311
train_001112.png,0,0,0x2f3,755
train_001113.png,90,1,0x1,1
train_001114.png,270,3,0xcb,203
train_001115.png,0,0,0xd2f,3375
train_001116.png,180,2,0xd,13
train_001117.png,0,0,0xf,15
train_001118.png,0,0,0xa6,166
train_001119.png,180,2,0xdf9,3577
train_001120.png,270,3,0xf1,241
train_001121.png,90,1,0x71,113
train_001122.png,90,1,0x0,0
train_001123.png,270,3,0x7f,127
train_001124.png,90,1,0x8e8,2280
train_001125.png,180,2,0xc9,201
train_001126.png,180,2,0x4bc,1212
train_001127.png,180,2,0xa28,2600
train_001128.png,270,3,0xa,10
train_001129.png,180,2,0x34a,842
train_001130.png,180,2,0x60,96
train_001131.png,90,1,0xdc8,3528
train_001132.png,0,0,0xb4d,2893
train_001133.png,180,2,0x8,8
train_001134.png,270,3,0x34,52
train_001135.png,180,2,0xa0,160
train_001136.png,90,1,0x4c2,1218
train_001137.png,90,1,0xe2a,3626
train_001138.png,0,0,0xe7c,3708
train_001139.png,180,2,0xd1,209
train_001140.png,90,1,0x193,403
train_001141.png,0,0,0xce8,3304
train_001142.png,180,2,0x74,116
train_001143.png,0,0,0xdd,221
train_001144.png,180,2,0x1d,29
train_001145.png,180,2,0xf,15
train_001146.png,90,1,0x3,3
train_001147.png,0,0,0xb,11
train_001148.png,0,0,0x34,52
train_001149.png,90,1,0x3,3
train_001150.png,90,1,0xc,12
train_001151.png,180,2,0x8aa,2218
train_001152.png,270,3,0xc3f,3135
train_001153.png,180,2,0xf6d,3949
train_001154.png,180,2,0xf,15
train_001155.png,90,1,0xa,10
train_001156.png,270,3,0xd,13
train_001157.png,270,3,0xa,10
train_001158.png,90,1,0xb4d,2893
train_001159.png,180,2,0xc,12
train_001160.png,0,0,0x8,8
train_001161.png,90,1,0x7d,125
train_001162.png,270,3,0xd0,208
train_001163.png,0,0,0xd2,210
train_001164.png,180,2,0xf,15
train_001165.png,270,3,0x5,5
train_001166.png,90,1,0x5b,91
train_001167.png,90,1,0xc,12
train_001168.png,0,0,0x5,5
train_001169.png,0,0,0x89,137
train_001170.png,270,3,0xfb5,4021
train_001171.png,0,0,0x3f7,1015
train_001172.png,0,0,0xd9c,3484
train_001173.png,270,3,0x6,6
train_001174.png,90,1,0xf,15
train_001175.png,0,0,0x1a,26
train_001176.png,90,1,0xad,173
train_001177.png,0,0,0x20,32
train_001178.png,180,2,0xaaf,2735
train_001179.png,270,3,0x98,152
train_001180.png,90,1,0x40f,1039
train_001181.png,180,2,0xb,11
train_001182.png,180,2,0xf,15
train_001183.png,0,0,0xe0,224
train_001184.png,270,3,0x8,8
train_001185.png,0,0,0x8,8
train_001186.png,0,0,0xa,10
train_001187.png,90,1,0x0,0
train_001188.png,180,2,0x2f,47
train_001189.png,180,2,0xa4,164
train_001190.png,270,3,0x8,8
train_001191.png,180,2,0x2,2
train_001192.png,90,1,0xa9,169
train_001193.png,270,3,0xf,15
train_001194.png,90,1,0xb51,2897
train_001195.png,0,0,0xc20,3104
train_001196.png,90,1,0x5f,95
train_001197.png,270,3,0x7,7
train_001198.png,180,2,0x3dc,988
train_001199.png,270,3,0x5,5
train_001200.png,90,1,0x2c2,706
train_001201.png,270,3,0x9a9,2473
train_001202.png,90,1,0xeba,3770
train_001203.png,180,2,0xa,10
train_001204.png,270,3,0x4,4
train_001205.png,0,0,0x4,4
train_001206.png,180,2,0xe2,226
train_001207.png,0,0,0x4,4
train_001208.png,270,3,0xaf,175
train_001209.png,0,0,0xc,12
train_001210.png,180,2,0x48,72
train_001211.png,90,1,0x2,2
train_001212.png,0,0,0xe,14
train_001213.png,180,2,0x37d,893
train_001214.png,270,3,0x64,100
train_001215.png,90,1,0x7,7
train_001216.png,90,1,0x8b2,2226
train_001217.png,0,0,0x4c,76
train_001218.png,180,2,0xa,10
train_001219.png,0,0,0xf,15
train_001220.png,0,0,0x9,9
train_001221.png,270,3,0x8,8
train_001222.png,270,3,0x494,1172
train_001223.png,180,2,0xc4a,3146
train_001224.png,90,1,0x2,2
train_001225.png,270,3,0x78,120
train_001226.png,180,2,0xc,12
train_001227.png,180,2,0x32,50
train_001228.png,180,2,0x27,39
train_001229.png,270,3,0x0,0
train_001230.png,180,2,0x740,1856
train_001231.png,0,0,0x65,101
train_001232.png,180,2,0x490,1168
train_001233.png,0,0,0xe,14
train_001234.png,0,0,0xee5,3813
train_001235.png,0,0,0xc,12
train_001236.png,0,0,0x4,4
train_001237.png,180,2,0x9,9
train_001238.png,180,2,0x3,3
train_001239.png,0,0,0xd9,217
train_001240.png,0,0,0x4,4
train_001241.png,270,3,0x2a,42
train_001242.png,270,3,0xd55,3413
train_001243.png,180,2,0xcf,207
train_001244.png,270,3,0x9d3,2515
train_001245.png,180,2,0x3,3
train_001246.png,0,0,0x6d2,1746
train_001247.png,0,0,0x2d,45
train_001248.png,180,2,0xd13,3347
train_001249.png,0,0,0xfb,251
train_001250.png,270,3,0xf,15
train_001251.png,90,1,0xfb0,4016
train_001252.png,180,2,0xdb6,3510
train_001253.png,180,2,0xc,12
train_001254.png,0,0,0xc,12
train_001255.png,90,1,0x1a4,420
train_001256.png,0,0,0x138,312
train_001257.png,270,3,0x94d,2381
train_001258.png,270,3,0x8,8
train_001259.png,180,2,0x9,9
train_001260.png,270,3,0x8,8
train_001261.png,90,1,0x927,2343
train_001262.png,0,0,0xf28,3880
train_001263.png,270,3,0x10d,269
train_001264.png,270,3,0xc2,194
train_001265.png,90,1,0xa,10
train_001266.png,90,1,0xd,13
train_001267.png,90,1,0xb,11
train_001268.png,180,2,0x3,3
train_001269.png,0,0,0xe1,225
train_001270.png,180,2,0x9e,158
train_001271.png,0,0,0x3de,990
train_001272.png,90,1,0xb0,176
train_001273.png,180,2,0x5,5
train_001274.png,180,2,0x952,2386
train_001275.png,90,1,0x7c,124
train_001276.png,270,3,0x870,2160
train_001277.png,90,1,0x5,5
train_001278.png,180,2,0x999,2457
train_001279.png,0,0,0x35d,861
train_001280.png,180,2,0x1,1
train_001281.png,0,0,0x40b,1035
train_001282.png,90,1,0x60,96
train_001283.png,270,3,0x8d,141
train_001284.png,270,3,0x16,22
train_001285.png,90,1,0x70,112
train_001286.png,270,3,0x1ab,427
train_001287.png,90,1,0x2,2
train_001288.png,90,1,0x894,2196
train_001289.png,0,0,0xc,12
train_001290.png,0,0,0xd,13
train_001291.png,0,0,0xef,239
train_001292.png,0,0,0xc,12
train_001293.png,0,0,0x70,112
train_001294.png,0,0,0x4d,77
train_001295.png,180,2,0x9,9
train_001296.png,180,2,0x2f4,756
train_001297.png,0,0,0x42d,1069
train_001298.png,270,3,0x2,2
train_001299.png,0,0,0x5,5
train_001300.png,90,1,0x709,1801
train_001301.png,270,3,0xac,172
train_001302.png,90,1,0xc,12
train_001303.png,0,0,0xe,14
train_001304.png,270,3,0x1af,431
train_001305.png,0,0,0x4,4
train_001306.png,0,0,0xc,12
train_001307.png,180,2,0xd,13
train_001308.png,180,2,0x1a5,421
train_001309.png,270,3,0x6,6
train_001310.png,180,2,0xa4b,2635
train_001311.png,270,3,0xc4c,3148
train_001312.png,0,0,0x5ba,1466
train_001313.png,180,2,0xae6,2790
train_001314.png,270,3,0xa0,160
train_001315.png,0,0,0x812,2066
train_001316.png,90,1,0x337,823
train_001317.png,90,1,0xa0f,2575
train_001318.png,270,3,0x541,1345
train_001319.png,270,3,0x4,4
train_001320.png,90,1,0x9,9
train_001321.png,270,3,0x20,32
train_001322.png,270,3,0x1e5,485
train_001323.png,90,1,0x817,2071
train_001324.png,270,3,0x1,1
train_001325.png,270,3,0xb01,2817
train_001326.png,0,0,0x6,6
train_001327.png,270,3,0xe,14
train_001328.png,0,0,0x2c,44
train_001329.png,270,3,0x6,6
train_001330.png,0,0,0xc,12
train_001331.png,0,0,0x88,136
train_001332.png,0,0,0xf4,244
train_001333.png,270,3,0xbfd,3069
train_001334.png,180,2,0x17,23
train_001335.png,270,3,0xc3,195
train_001336.png,270,3,0x34c,844
train_001337.png,0,0,0x9a,154
train_001338.png,0,0,0x338,824
train_001339.png,270,3,0xabe,2750
train_001340.png,270,3,0xa92,2706
train_001341.png,180,2,0xb0,176
train_001342.png,270,3,0x8a,138
train_001343.png,270,3,0x983,2435
train_001344.png,180,2,0xa3a,2618
train_001345.png,180,2,0x8,8
train_001346.png,90,1,0xf6,246
train_001347.png,90,1,0xe3,227
train_001348.png,90,1,0xf6c,3948
train_001349.png,270,3,0xa,10
train_001350.png,270,3,0x6d,109
train_001351.png,180,2,0x49,73
train_001352.png,270,3,0x8bf,2239
train_001353.png,270,3,0x26,38
train_001354.png,270,3,0xca,202
train_001355.png,0,0,0xd5,213
train_001356.png,0,0,0xcb8,3256
train_001357.png,270,3,0x4,4
train_001358.png,180,2,0x4,4
train_001359.png,180,2,0xd9,217
train_001360.png,180,2,0x4,4
train_001361.png,90,1,0xf09,3849
train_001362.png,270,3,0xccf,3279
train_001363.png,270,3,0xf6,246
train_001364.png,180,2,0x45,69
train_001365.png,90,1,0x4,4
train_001366.png,180,2,0x38,56
train_001367.png,90,1,0x8a,138
train_001368.png,180,2,0x2,2
train_001369.png,270,3,0xf,15
train_001370.png,180,2,0x5,5
train_001371.png,180,2,0x4,4
train_001372.png,180,2,0x2f,47
train_001373.png,180,2,0xed,237
train_001374.png,270,3,0x5,5
train_001375.png,90,1,0x9ee,2542
train_001376.png,90,1,0x1,1
train_001377.png,180,2,0x93a,2362
train_001378.png,180,2,0xc,12
train_001379.png,0,0,0x5,5
train_001380.png,0,0,0xe2c,3628
train_001381.png,90,1,0x1c,28
train_001382.png,0,0,0x2,2
train_001383.png,180,2,0xce1,3297
train_001384.png,90,1,0x136,310
train_001385.png,180,2,0xc,12
train_001386.png,90,1,0xe8c,3724
train_001387.png,90,1,0xa55,2645
train_001388.png,180,2,0x5e,94
train_001389.png,0,0,0x2f,47
train_001390.png,270,3,0xec,236
train_001391.png,90,1,0xb1b,2843
train_001392.png,270,3,0xfa0,4000
train_001393.png,90,1,0x8,8
train_001394.png,0,0,0x0,0
train_001395.png,90,1,0x94,148
train_001396.png,180,2,0x1f9,505
train_001397.png,180,2,0x97,151
train_001398.png,270,3,0xc4,196
train_001399.png,270,3,0xe6,230
train_001400.png,0,0,0x1,1
train_001401.png,0,0,0xa6,166
train_001402.png,180,2,0x10c,268
train_001403.png,270,3,0xd8,216
train_001404.png,180,2,0xd,13
train_001405.png,180,2,0x3e,62
train_001406.png,180,2,0xd,13
train_001407.png,0,0,0x0,0
train_001408.png,90,1,0xbf,191
train_001409.png,270,3,0x9,9
train_001410.png,90,1,0xe,14
train_001411.png,0,0,0x8,8
train_001412.png,180,2,0x773,1907
train_001413.png,90,1,0xc9,201
train_001414.png,180,2,0xd,13
train_001415.png,180,2,0xe,14
train_001416.png,270,3,0x9b,155
train_001417.png,0,0,0x34,52
train_001418.png,180,2,0x766,1894
train_001419.png,0,0,0x15,21
train_001420.png,180,2,0xd16,3350
train_001421.png,90,1,0x1,1
train_001422.png,180,2,0x35,53
train_001423.png,270,3,0xf,15
train_001424.png,270,3,0xe5,229
train_001425.png,270,3,0x706,1798
train_001426.png,180,2,0x719,1817
train_001427.png,90,1,0xf,15
train_001428.png,90,1,0x99a,2458
train_001429.png,180,2,0xa9,169
train_001430.png,90,1,0x9,9
train_001431.png,180,2,0x53,83
train_001432.png,180,2,0x6,6
train_001433.png,90,1,0x66,102
train_001434.png,90,1,0x3,3
train_001435.png,180,2,0x213,531
train_001436.png,0,0,0x0,0
train_001437.png,90,1,0xa87,2695
train_001438.png,0,0,0x3,3
train_001439.png,0,0,0x9d,157
train_001440.png,180,2,0x6c,108
train_001441.png,90,1,0x2,2
train_001442.png,270,3,0xf6,246
train_001443.png,90,1,0xf,15
train_001444.png,180,2,0xb2a,2858
train_001445.png,180,2,0x9,9
train_001446.png,0,0,0x68,104
train_001447.png,180,2,0x20e,526
train_001448.png,90,1,0x84d,2125
train_001449.png,0,0,0x60,96
train_001450.png,0,0,0xc,12
train_001451.png,90,1,0xdad,3501
train_001452.png,90,1,0x4,4
train_001453.png,0,0,0x0,0
train_001454.png,0,0,0x40,64
train_001455.png,0,0,0x92a,2346
train_001456.png,270,3,0x60f,1551
train_001457.png,180,2,0x64,100
train_001458.png,270,3,0x27,39
train_001459.png,270,3,0x62e,1582
train_001460.png,270,3,0x9c,156
train_001461.png,90,1,0x7ef,2031
train_001462.png,180,2,0xb,11
train_001463.png,90,1,0x2,2
train_001464.png,0,0,0xead,3757
train_001465.png,270,3,0x84,132
train_001466.png,180,2,0xc,12
train_001467.png,180,2,0xfa,250
train_001468.png,0,0,0x343,835
train_001469.png,90,1,0xf60,3936
train_001470.png,180,2,0xf2a,3882
train_001471.png,270,3,0x2,2
train_001472.png,180,2,0xb43,2883
train_001473.png,0,0,0x3f,63
train_001474.png,90,1,0x1,1
train_001475.png,180,2,0x5b0,1456
train_001476.png,180,2,0x8,8
train_001477.png,180,2,0x252,594
train_001478.png,0,0,0xf4,244
train_001479.png,270,3,0x1f7,503
train_001480.png,180,2,0x90d,2317
train_001481.png,0,0,0x65,101
train_001482.png,90,1,0x5,5
train_001483.png,0,0,0xa99,2713
train_001484.png,90,1,0xde,222
train_001485.png,90,1,0xe1,225
train_001486.png,0,0,0x5,5
train_001487.png,180,2,0xb2,178
train_001488.png,0,0,0xc5,197
train_001489.png,180,2,0xaf3,2803
train_001490.png,270,3,0x9,9
train_001491.png,180,2,0xd2,210
train_001492.png,0,0,0x14e,334
train_001493.png,270,3,0x545,1349
train_001494.png,90,1,0x0,0
train_001495.png,0,0,0x46,70
train_001496.png,90,1,0xa29,2601
train_001497.png,0,0,0x4e,78
train_001498.png,270,3,0x81,129
train_001499.png,180,2,0xec5,3781
train_001500.png,270,3,0xddd,3549
train_001501.png,90,1,0xe,14
train_001502.png,0,0,0xdb9,3513
train_001503.png,0,0,0x6db,1755
train_001504.png,180,2,0xcfe,3326
train_001505.png,90,1,0x98,152
train_001506.png,90,1,0x56a,1386
train_001507.png,90,1,0x46b,1131
train_001508.png,180,2,0x8c,140
train_001509.png,90,1,0x129,297
train_001510.png,90,1,0x4,4
train_001511.png,0,0,0x65,101
train_001512.png,270,3,0x85,133
train_001513.png,270,3,0xf22,3874
train_001514.png,0,0,0x8,8
train_001515.png,0,0,0x8c,140
train_001516.png,270,3,0xc,12
train_001517.png,180,2,0x194,404
train_001518.png,270,3,0xe,14
train_001519.png,90,1,0x67f,1663
train_001520.png,0,0,0xaf6,2806
train_001521.png,180,2,0x6,6
train_001522.png,180,2,0x4c6,1222
train_001523.png,270,3,0xb,11
train_001524.png,270,3,0xc64,3172
train_001525.png,180,2,0x88e,2190
train_001526.png,90,1,0x5,5
train_001527.png,90,1,0xa8,168
train_001528.png,90,1,0xb,11
train_001529.png,90,1,0xd,13
train_001530.png,90,1,0x0,0
train_001531.png,0,0,0xca,202
train_001532.png,270,3,0xdc2,3522
train_001533.png,0,0,0x976,2422
train_001534.png,180,2,0x40,64
train_001535.png,0,0,0xb,11
train_001536.png,0,0,0x3f,63
train_001537.png,90,1,0x97,151
train_001538.png,90,1,0xd68,3432
train_001539.png,180,2,0xbed,3053
train_001540.png,0,0,0x6d,109
train_001541.png,270,3,0xb,11
train_001542.png,90,1,0xc,12
train_001543.png,0,0,0xba,186
train_001544.png,180,2,0xd0,208
train_001545.png,0,0,0x5ac,1452
train_001546.png,90,1,0x6a8,1704
train_001547.png,270,3,0x2,2
train_001548.png,90,1,0x5e0,1504
train_001549.png,180,2,0x763,1891
train_001550.png,180,2,0x229,553
train_001551.png,180,2,0x55,85
train_001552.png,90,1,0xf,15
train_001553.png,90,1,0x22,34
train_001554.png,90,1,0x5,5
train_001555.png,270,3,0xc2,194
train_001556.png,90,1,0x2,2
train_001557.png,90,1,0x5,5
train_001558.png,180,2,0x11,17
train_001559.png,270,3,0x833,2099
train_001560.png,0,0,0xd,13
train_001561.png,90,1,0x80,128
train_001562.png,270,3,0x120,288
train_001563.png,180,2,0x5a3,1443
train_001564.png,180,2,0xd0,208
train_001565.png,90,1,0x4e1,1249
train_001566.png,90,1,0x1,1
train_001567.png,0,0,0xe,14
train_001568.png,90,1,0xb1,177
train_001569.png,180,2,0xa1,161
train_001570.png,0,0,0x3,3
train_001571.png,270,3,0xd,13
train_001572.png,270,3,0x48,72
train_001573.png,90,1,0x7,7
train_001574.png,270,3,0xe4c,3660
train_001575.png,270,3,0x1cd,461
train_001576.png,180,2,0xa,10
train_001577.png,90,1,0xd0,208
train_001578.png,180,2,0xa2,162
train_001579.png,270,3,0x6d,109
train_001580.png,90,1,0xb4,180
train_001581.png,90,1,0x6,6
train_001582.png,90,1,0xdc0,3520
train_001583.png,0,0,0xb4,180
train_001584.png,180,2,0xc,12
train_001585.png,90,1,0xa,10
train_001586.png,90,1,0x4f,79
train_001587.png,270,3,0x1ab,427
train_001588.png,270,3,0xc1,193
train_001589.png,180,2,0xf2c,3884
train_001590.png,90,1,0x0,0
train_001591.png,90,1,0x0,0
train_001592.png,180,2,0x8,8
train_001593.png,90,1,0x82b,2091
train_001594.png,90,1,0xfb,251
train_001595.png,0,0,0x4,4
train_001596.png,90,1,0x4,4
train_001597.png,180,2,0xd39,3385
train_001598.png,0,0,0x1,1
train_001599.png,90,1,0x5,5
train_001600.png,270,3,0x5c,92
train_001601.png,0,0,0x3d,61
train_001602.png,270,3,0xee,238
train_001603.png,270,3,0x5,5
train_001604.png,180,2,0x8c5,2245
train_001605.png,180,2,0xc0c,3084
train_001606.png,270,3,0x5,5
train_001607.png,0,0,0xb1,177
train_001608.png,270,3,0x3bc,956
train_001609.png,90,1,0x5,5
train_001610.png,270,3,0x255,597
train_001611.png,0,0,0xd,13
train_001612.png,90,1,0x7,7
train_001613.png,270,3,0x28,40
train_001614.png,90,1,0x4,4
train_001615.png,180,2,0xb9,185
train_001616.png,270,3,0xb,11
train_001617.png,180,2,0x7f6,2038
train_001618.png,90,1,0x797,1943
train_001619.png,180,2,0xbe0,3040
train_001620.png,0,0,0x86,134
train_001621.png,270,3,0xd6,214
train_001622.png,90,1,0x1,1
train_001623.png,180,2,0xe56,3670
train_001624.png,180,2,0x5e,94
train_001625.png,90,1,0x4,4
train_001626.png,90,1,0xb,11
train_001627.png,270,3,0xf98,3992
train_001628.png,270,3,0xf3,243
train_001629.png,180,2,0x9f,159
train_001630.png,270,3,0x33,51
train_001631.png,270,3,0x8,8
train_001632.png,90,1,0x7,7
train_001633.png,0,0,0x7,7
train_001634.png,270,3,0x38,56
train_001635.png,90,1,0xbb2,2994
train_001636.png,270,3,0x1,1
train_001637.png,270,3,0xb,11
train_001638.png,0,0,0xa4,164
train_001639.png,0,0,0x6,6
train_001640.png,270,3,0xf,15
train_001641.png,270,3,0xa,10
train_001642.png,270,3,0x1cc,460
train_001643.png,270,3,0x70f,1807
train_001644.png,270,3,0xdb3,3507
train_001645.png,270,3,0x0,0
train_001646.png,180,2,0x9,9
train_001647.png,90,1,0xf92,3986
train_001648.png,90,1,0x2,2
train_001649.png,90,1,0xabc,2748
train_001650.png,180,2,0xd,13
train_001651.png,180,2,0xe9,233
train_001652.png,0,0,0x5,5
train_001653.png,90,1,0x26,38
train_001654.png,90,1,0xc,12
train_001655.png,180,2,0xa,10
train_001656.png,0,0,0x63,99
train_001657.png,90,1,0xd1,209
train_001658.png,0,0,0x11d,285
train_001659.png,270,3,0x4f0,1264
train_001660.png,0,0,0x5a,90
train_001661.png,0,0,0xd,13
train_001662.png,180,2,0xd,13
train_001663.png,270,3,0x1a,26
train_001664.png,270,3,0xd,13
train_001665.png,0,0,0x796,1942
train_001666.png,90,1,0x8,8
train_001667.png,270,3,0xf,15
train_001668.png,180,2,0xd40,3392
train_001669.png,270,3,0xcf5,3317
train_001670.png,0,0,0xf9c,3996
train_001671.png,90,1,0x53,83
train_001672.png,270,3,0x32,50
train_001673.png,90,1,0x6f,111
train_001674.png,270,3,0xf,15
train_001675.png,90,1,0x9,9
train_001676.png,270,3,0x7e7,2023
train_001677.png,0,0,0xa,10
train_001678.png,0,0,0x87,135
train_001679.png,0,0,0x47,71
train_001680.png,0,0,0x926,2342
train_001681.png,270,3,0xf,15
train_001682.png,0,0,0x7,7
train_001683.png,90,1,0x3e,62
train_001684.png,270,3,0xf2,242
train_001685.png,270,3,0x24,36
train_001686.png,180,2,0xc,12
train_001687.png,270,3,0x591,1425
train_001688.png,270,3,0x0,0
train_001689.png,0,0,0x5a,90
train_001690.png,270,3,0xcaf,3247
train_001691.png,90,1,0x7,7
train_001692.png,270,3,0xce1,3297
train_001693.png,90,1,0xce,206
train_001694.png,270,3,0x0,0
train_001695.png,270,3,0xc76,3190
train_001696.png,270,3,0x73,115
train_001697.png,0,0,0xe5c,3676
train_001698.png,180,2,0x90,144
train_001699.png,180,2,0x8,8
train_001700.png,270,3,0x1,1
train_001701.png,90,1,0x48f,1167
train_001702.png,270,3,0xc0,192
train_001703.png,180,2,0x14,20
train_001704.png,270,3,0x5,5
train_001705.png,90,1,0x8,8
train_001706.png,90,1,0xd,13
train_001707.png,270,3,0x49,73
train_001708.png,270,3,0x9,9
train_001709.png,270,3,0x8,8
train_001710.png,270,3,0x3ee,1006
train_001711.png,180,2,0xe,14
train_001712.png,0,0,0x452,1106
train_001713.png,90,1,0x7,7
train_001714.png,90,1,0xa,10
train_001715.png,180,2,0xb4,180
train_001716.png,90,1,0xd,13
train_001717.png,270,3,0x15f,351
train_001718.png,180,2,0x42,66
train_001719.png,0,0,0xf,15
train_001720.png,0,0,0x825,2085
train_001721.png,90,1,0xfb,251
train_001722.png,0,0,0x2ad,685
train_001723.png,180,2,0x9,9
train_001724.png,180,2,0xa,10
train_001725.png,270,3,0xe,14
train_001726.png,90,1,0x6,6
train_001727.png,0,0,0xf0,240
train_001728.png,270,3,0x180,384
train_001729.png,0,0,0xa5,165
train_001730.png,0,0,0xdd,221
train_001731.png,90,1,0xa,10
train_001732.png,90,1,0x1b,27
train_001733.png,90,1,0x9a,154
train_001734.png,90,1,0x4,4
train_001735.png,90,1,0xa,10
train_001736.png,180,2,0xf,15
train_001737.png,90,1,0xd53,3411
train_001738.png,180,2,0x37,55
train_001739.png,180,2,0xd2,210
train_001740.png,270,3,0x1,1
train_001741.png,90,1,0xf,15
train_001742.png,270,3,0x3e5,997
train_001743.png,90,1,0x942,2370
train_001744.png,270,3,0x6,6
train_001745.png,270,3,0x1d5,469
train_001746.png,90,1,0xa,10
train_001747.png,0,0,0xa8,168
train_001748.png,270,3,0xa86,2694
train_001749.png,90,1,0xf,15
train_001750.png,270,3,0x3,3
train_001751.png,0,0,0x38,56
train_001752.png,90,1,0xd,13
train_001753.png,0,0,0x3f,63
train_001754.png,90,1,0xc,12
train_001755.png,90,1,0xfa,250
train_001756.png,0,0,0x48e,1166
train_001757.png,0,0,0xaa8,2728
train_001758.png,90,1,0x2e2,738
train_001759.png,270,3,0x75,117
train_001760.png,0,0,0xc9,201
train_001761.png,90,1,0x0,0
train_001762.png,90,1,0x185,389
train_001763.png,0,0,0x7,7
train_001764.png,90,1,0x58,88
train_001765.png,90,1,0x6,6
train_001766.png,0,0,0x8,8
train_001767.png,0,0,0x4,4
train_001768.png,270,3,0x8,8
train_001769.png,0,0,0x4aa,1194
train_001770.png,270,3,0x72,114
train_001771.png,180,2,0xef,239
train_001772.png,0,0,0x45,69
train_001773.png,270,3,0x860,2144
train_001774.png,90,1,0xe19,3609
train_001775.png,270,3,0xd,13
train_001776.png,0,0,0xa,10
train_001777.png,90,1,0x9a9,2473
train_001778.png,270,3,0x30,48
train_001779.png,90,1,0x38b,907
train_001780.png,270,3,0xd,13
train_001781.png,180,2,0xa2c,2604
train_001782.png,270,3,0x8,8
train_001783.png,0,0,0x7,7
train_001784.png,90,1,0x9,9
train_001785.png,270,3,0xb8,184
train_001786.png,90,1,0x58,88
train_001787.png,0,0,0xe3,227
train_001788.png,0,0,0xffd,4093
train_001789.png,180,2,0xf6,246
train_001790.png,0,0,0xeb,235
train_001791.png,270,3,0xeb,235
train_001792.png,0,0,0x9,9
train_001793.png,180,2,0xc,12
train_001794.png,90,1,0x9f,159
train_001795.png,180,2,0xa,10
train_001796.png,0,0,0xd7f,3455
train_001797.png,180,2,0xe,14
train_001798.png,270,3,0xf5,245
train_001799.png,0,0,0x6f6,1782
train_001800.png,0,0,0x5ed,1517
train_001801.png,270,3,0xa,10
train_001802.png,90,1,0xc,12
train_001803.png,0,0,0x142,322
train_001804.png,270,3,0xd0,208
train_001805.png,180,2,0x629,1577
train_001806.png,0,0,0xed4,3796
train_001807.png,0,0,0x41,65
train_001808.png,270,3,0x4,4
train_001809.png,180,2,0xc,12
train_001810.png,90,1,0x5d,93
train_001811.png,90,1,0xa,10
train_001812.png,90,1,0x4,4
train_001813.png,270,3,0x707,1799
train_001814.png,90,1,0x92d,2349
train_001815.png,0,0,0xf1,241
train_001816.png,90,1,0x36,54
train_001817.png,0,0,0x35,53
train_001818.png,0,0,0x9a,154
train_001819.png,270,3,0x31,49
train_001820.png,90,1,0xf6b,3947
train_001821.png,0,0,0x5,5
train_001822.png,270,3,0x14c,332
train_001823.png,90,1,0x707,1799
train_001824.png,90,1,0xd39,3385
train_001825.png,270,3,0x55a,1370
train_001826.png,180,2,0x766,1894
train_001827.png,90,1,0xa4,164
train_001828.png,90,1,0xd,13
train_001829.png,270,3,0xa70,2672
train_001830.png,270,3,0x93c,2364
train_001831.png,0,0,0xede,3806
train_001832.png,90,1,0xc,12
train_001833.png,180,2,0xb6e,2926
train_001834.png,180,2,0xf,15
train_001835.png,180,2,0xa,10
train_001836.png,0,0,0x52d,1325
train_001837.png,180,2,0x98,152
train_001838.png,180,2,0x37,55
train_001839.png,270,3,0x2e,46
train_001840.png,270,3,0x8e,142
train_001841.png,180,2,0xce8,3304
train_001842.png,180,2,0x56,86
train_001843.png,180,2,0x0,0
train_001844.png,0,0,0xc1,193
train_001845.png,0,0,0xdb7,3511
train_001846.png,180,2,0xc7,199
train_001847.png,0,0,0x12,18
train_001848.png,90,1,0x2,2
train_001849.png,270,3,0x575,1397
train_001850.png,0,0,0x58,88
train_001851.png,90,1,0x87e,2174
train_001852.png,0,0,0x3b0,944
train_001853.png,90,1,0x2,2
train_001854.png,90,1,0x4d,77
train_001855.png,90,1,0xf7a,3962
train_001856.png,90,1,0xe,14
train_001857.png,270,3,0x31,49
train_001858.png,270,3,0x9,9
train_001859.png,270,3,0x1,1
train_001860.png,180,2,0x3,3
train_001861.png,180,2,0x0,0
train_001862.png,90,1,0x5,5
train_001863.png,180,2,0x625,1573
train_001864.png,90,1,0x272,626
train_001865.png,180,2,0x75,117
train_001866.png,270,3,0x7,7
train_001867.png,270,3,0x14,20
train_001868.png,270,3,0x2,2
train_001869.png,0,0,0x7,7
train_001870.png,0,0,0xdfc,3580
train_001871.png,270,3,0xffc,4092
train_001872.png,270,3,0xb0,176
train_001873.png,270,3,0x26b,619
train_001874.png,90,1,0x4,4
train_001875.png,90,1,0xfbe,4030
train_001876.png,180,2,0xe,14
train_001877.png,90,1,0x3,3
train_001878.png,180,2,0xb8,184
train_001879.png,180,2,0x679,1657
train_001880.png,0,0,0x0,0
train_001881.png,90,1,0x83,131
train_001882.png,180,2,0x8a6,2214
train_001883.png,180,2,0x9,9
train_001884.png,270,3,0x91,145
train_001885.png,90,1,0x77a,1914
train_001886.png,180,2,0x82a,2090
train_001887.png,0,0,0xa9,169
train_001888.png,90,1,0xd6,214
train_001889.png,90,1,0x9c4,2500
train_001890.png,90,1,0x14,20
train_001891.png,180,2,0x5c,92
train_001892.png,90,1,0xe,14
train_001893.png,270,3,0x23b,571
train_001894.png,270,3,0x819,2073
train_001895.png,90,1,0xc,12
train_001896.png,270,3,0x6b,107
train_001897.png,270,3,0x29,41
train_001898.png,180,2,0x1eb,491
train_001899.png,180,2,0x4,4
train_001900.png,0,0,0x204,516
train_001901.png,270,3,0x5,5
train_001902.png,180,2,0xa41,2625
train_001903.png,180,2,0x8,8
train_001904.png,270,3,0x92,146
train_001905.png,90,1,0x7ea,2026
train_001906.png,90,1,0x95,149
train_001907.png,180,2,0x7fd,2045
train_001908.png,90,1,0x4,4
train_001909.png,90,1,0x7,7
train_001910.png,270,3,0xfd,253
train_001911.png,180,2,0x2,2
train_001912.png,0,0,0xfd,253
train_001913.png,90,1,0x7,7
train_001914.png,0,0,0xf37,3895
train_001915.png,180,2,0x2,2
train_001916.png,180,2,0xaa,170
train_001917.png,180,2,0x930,2352
train_001918.png,0,0,0x3,3
train_001919.png,90,1,0xb5a,2906
train_001920.png,270,3,0xc,12
train_001921.png,270,3,0xab5,2741
train_001922.png,180,2,0xd,13
train_001923.png,0,0,0x81,129
train_001924.png,0,0,0xe81,3713
train_001925.png,180,2,0xe27,3623
train_001926.png,0,0,0xfb7,4023
train_001927.png,0,0,0xb0,176
train_001928.png,0,0,0x7,7
train_001929.png,0,0,0xd,13
train_001930.png,270,3,0xb97,2967
train_001931.png,0,0,0x74b,1867
train_001932.png,90,1,0x7,7
train_001933.png,270,3,0xe,14
train_001934.png,180,2,0x251,593
train_001935.png,90,1,0x3,3
train_001936.png,270,3,0xf3a,3898
train_001937.png,90,1,0x77b,1915
train_001938.png,270,3,0xe1b,3611
train_001939.png,0,0,0xa,10
train_001940.png,90,1,0xad,173
train_001941.png,180,2,0xcd8,3288
train_001942.png,0,0,0x3a0,928
train_001943.png,0,0,0xc,12
train_001944.png,180,2,0xa5,165
train_001945.png,0,0,0xa,10
train_001946.png,180,2,0x517,1303
train_001947.png,0,0,0xfc,252
train_001948.png,180,2,0x3,3
train_001949.png,180,2,0xa,10
train_001950.png,0,0,0xc25,3109
train_001951.png,270,3,0x799,1945
train_001952.png,180,2,0x5d,93
train_001953.png,90,1,0x227,551
train_001954.png,180,2,0xc0f,3087
train_001955.png,0,0,0x78,120
train_001956.png,270,3,0x6,6
train_001957.png,90,1,0x3d1,977
train_001958.png,90,1,0x98,152
train_001959.png,90,1,0x7,7
train_001960.png,180,2,0xac,172
train_001961.png,90,1,0xd0,208
train_001962.png,90,1,0x77,119
train_001963.png,180,2,0xd3,211
train_001964.png,270,3,0x48,72
train_001965.png,270,3,0x615,1557
train_001966.png,180,2,0xc,12
train_001967.png,180,2,0x46,70
train_001968.png,90,1,0xa0,160
train_001969.png,90,1,0x900,2304
train_001970.png,270,3,0xc,12
train_001971.png,90,1,0xcb,203
train_001972.png,270,3,0xa,10
train_001973.png,90,1,0x3,3
train_001974.png,0,0,0x2c1,705
train_001975.png,270,3,0xf39,3897
train_001976.png,0,0,0xd6,214
train_001977.png,180,2,0xf,15
train_001978.png,0,0,0x1fe,510
train_001979.png,0,0,0xa4,164
train_001980.png,0,0,0xd,13
train_001981.png,90,1,0x34,52
train_001982.png,180,2,0x2,2
train_001983.png,0,0,0xa,10
train_001984.png,180,2,0x4,4
train_001985.png,90,1,0x859,2137
train_001986.png,180,2,0x71,113
train_001987.png,270,3,0x9,9
train_001988.png,180,2,0xd,13
train_001989.png,90,1,0x8f3,2291
train_001990.png,180,2,0x73,115
train_001991.png,270,3,0x69,105
train_001992.png,270,3,0xc,12
train_001993.png,180,2,0xfbc,4028
train_001994.png,0,0,0x0,0
train_001995.png,90,1,0x340,832
train_001996.png,90,1,0x5,5
train_001997.png,0,0,0x8,8
train_001998.png,0,0,0xb,11
train_001999.png,0,0,0x5a,90
val_000000.png,0,0,0x0,0
val_000001.png,180,2,0x3,3
val_000002.png,0,0,0x928,2344
val_000003.png,90,1,0x9e,158
val_000004.png,270,3,0xa36,2614
val_000005.png,180,2,0x0,0
val_000006.png,0,0,0x64,100
val_000007.png,270,3,0x27,39
val_000008.png,90,1,0xc9,201
val_000009.png,180,2,0x9,9
val_000010.png,90,1,0x2c,44
val_000011.png,270,3,0xf,15
val_000012.png,180,2,0xa98,2712
val_000013.png,0,0,0xd,13
val_000014.png,90,1,0x9,9
val_000015.png,90,1,0xeb,235
val_000016.png,0,0,0x98,152
val_000017.png,90,1,0xb,11
val_000018.png,270,3,0xc,12
val_000019.png,0,0,0x831,2097
val_000020.png,0,0,0xb6,182
val_000021.png,270,3,0x3,3
val_000022.png,270,3,0x7d9,2009
val_000023.png,0,0,0xb5e,2910
val_000024.png,0,0,0x8a,138
val_000025.png,90,1,0xf,15
val_000026.png,270,3,0xf,15
val_000027.png,90,1,0xd09,3337
val_000028.png,270,3,0x456,1110
val_000029.png,180,2,0x4,4
val_000030.png,180,2,0xd,13
val_000031.png,90,1,0xf,15
val_000032.png,270,3,0x5,5
val_000033.png,90,1,0x7b3,1971
val_000034.png,270,3,0x7,7
val_000035.png,90,1,0x2c3,707
val_000036.png,180,2,0x8e,142
val_000037.png,90,1,0xac6,2758
val_000038.png,270,3,0xcb2,3250
val_000039.png,0,0,0x42,66
val_000040.png,0,0,0x4,4
val_000041.png,90,1,0xd,13
val_000042.png,90,1,0x12,18
val_000043.png,270,3,0xa1,161
val_000044.png,180,2,0x0,0
val_000045.png,90,1,0xcbd,3261
val_000046.png,0,0,0x77,119
val_000047.png,90,1,0x5f,95
val_000048.png,270,3,0x82,130
val_000049.png,270,3,0x96f,2415
val_000050.png,0,0,0xf,15
val_000051.png,270,3,0xa,10
val_000052.png,90,1,0x6e9,1769
val_000053.png,0,0,0xf7,247
val_000054.png,270,3,0xee7,3815
val_000055.png,270,3,0x9f6,2550
val_000056.png,180,2,0x2b,43
val_000057.png,270,3,0x5,5
val_000058.png,270,3,0x910,2320
val_000059.png,90,1,0x9,9
val_000060.png,270,3,0xf,15
val_000061.png,90,1,0x9,9
val_000062.png,180,2,0xe,14
val_000063.png,180,2,0xbb,187
val_000064.png,0,0,0xc,12
val_000065.png,180,2,0xf8,248
val_000066.png,90,1,0x9,9
val_000067.png,180,2,0xe4e,3662
val_000068.png,270,3,0x35,53
val_000069.png,90,1,0x10,16
val_000070.png,0,0,0x26,38
val_000071.png,0,0,0xc23,3107
val_000072.png,0,0,0x1,1
val_000073.png,0,0,0xea,234
val_000074.png,90,1,0xbed,3053
val_000075.png,270,3,0x0,0
val_000076.png,270,3,0xb,11
val_000077.png,0,0,0x7ec,2028
val_000078.png,180,2,0xd,13
val_000079.png,270,3,0xede,3806
val_000080.png,270,3,0x96a,2410
val_000081.png,90,1,0x38a,906
val_000082.png,0,0,0xe1,225
val_000083.png,180,2,0xa56,2646
val_000084.png,270,3,0x5b,91
val_000085.png,0,0,0x2b,43
val_000086.png,270,3,0xdd,221
val_000087.png,0,0,0x5,5
val_000088.png,0,0,0x4ba,1210
val_000089.png,270,3,0x193,403
val_000090.png,90,1,0xd,13
val_000091.png,90,1,0xd9,217
val_000092.png,0,0,0xdf1,3569
val_000093.png,270,3,0xd6e,3438
val_000094.png,90,1,0x64,100
val_000095.png,180,2,0x42c,1068
val_000096.png,270,3,0xd,13
val_000097.png,0,0,0xf6a,3946
val_000098.png,180,2,0xd,13
val_000099.png,0,0,0x3cc,972
val_000100.png,0,0,0x87a,2170
val_000101.png,0,0,0x0,0
val_000102.png,180,2,0x15,21
val_000103.png,90,1,0xae,174
val_000104.png,180,2,0xc,12
val_000105.png,0,0,0x1d1,465
val_000106.png,180,2,0xd1b,3355
val_000107.png,180,2,0x60,96
val_000108.png,270,3,0x43,67
val_000109.png,90,1,0x51,81
val_000110.png,0,0,0xa2,162
val_000111.png,270,3,0x8e7,2279
val_000112.png,270,3,0x3,3
val_000113.png,0,0,0x5ab,1451
val_000114.png,90,1,0x4cc,1228
val_000115.png,180,2,0x163,355
val_000116.png,90,1,0x1,1
val_000117.png,0,0,0xffa,4090
val_000118.png,0,0,0x34,52
val_000119.png,270,3,0xf65,3941
val_000120.png,270,3,0xe,14
val_000121.png,180,2,0x0,0
val_000122.png,90,1,0x5f4,1524
val_000123.png,180,2,0x6,6
val_000124.png,0,0,0x2,2
val_000125.png,180,2,0x1f,31
val_000126.png,0,0,0xcd7,3287
val_000127.png,270,3,0x7,7
val_000128.png,180,2,0x8c7,2247
val_000129.png,0,0,0x2d,45
val_000130.png,0,0,0x6,6
val_000131.png,180,2,0xff,255
val_000132.png,0,0,0xe,14
val_000133.png,90,1,0x6ab,1707
val_000134.png,180,2,0x45,69
val_000135.png,90,1,0xb7c,2940
val_000136.png,90,1,0x47e,1150
val_000137.png,180,2,0x9,9
val_000138.png,180,2,0x60,96
val_000139.png,90,1,0xbe,190
val_000140.png,0,0,0xb4d,2893
val_000141.png,0,0,0xe,14
val_000142.png,0,0,0x65,101
val_000143.png,270,3,0xa9a,2714
val_000144.png,180,2,0xccd,3277
val_000145.png,270,3,0x3,3
val_000146.png,0,0,0xa8,168
val_000147.png,270,3,0x3aa,938
val_000148.png,0,0,0x48,72
val_000149.png,180,2,0x196,406
val_000150.png,180,2,0x499,1177
val_000151.png,90,1,0xb1d,2845
val_000152.png,180,2,0xee,238
val_000153.png,90,1,0xa92,2706
val_000154.png,0,0,0x4e0,1248
val_000155.png,180,2,0xf1,241
val_000156.png,270,3,0xd6c,3436
val_000157.png,90,1,0x83,131
val_000158.png,90,1,0xe9d,3741
val_000159.png,90,1,0x4c1,1217
val_000160.png,90,1,0xbb0,2992
val_000161.png,0,0,0xd,13
val_000162.png,90,1,0x9a0,2464
val_000163.png,90,1,0xec,236
val_000164.png,90,1,0x71,113
val_000165.png,0,0,0x500,1280
val_000166.png,180,2,0x8,8
val_000167.png,180,2,0x947,2375
val_000168.png,0,0,0x7f4,2036
val_000169.png,180,2,0x15,21
val_000170.png,0,0,0xd,13
val_000171.png,270,3,0x1b,27
val_000172.png,90,1,0x58,88
val_000173.png,0,0,0xc3,195
val_000174.png,0,0,0x0,0
val_000175.png,180,2,0x7e,126
val_000176.png,180,2,0xf30,3888
val_000177.png,0,0,0x62,98
val_000178.png,180,2,0x1b,27
val_000179.png,180,2,0x2f,47
val_000180.png,270,3,0x93,147
val_000181.png,270,3,0xa,10
val_000182.png,180,2,0x6,6
val_000183.png,270,3,0x6,6
val_000184.png,270,3,0xd7e,3454
val_000185.png,270,3,0x7bf,1983
val_000186.png,270,3,0xf2,242
val_000187.png,270,3,0xd8,216
val_000188.png,90,1,0xcf,207
val_000189.png,180,2,0x8,8
val_000190.png,0,0,0xd1,209
val_000191.png,180,2,0x189,393
val_000192.png,270,3,0x4e,78
val_000193.png,180,2,0x17,23
val_000194.png,0,0,0xc07,3079
val_000195.png,90,1,0x82a,2090
val_000196.png,270,3,0x100,256
val_000197.png,0,0,0x6f7,1783
val_000198.png,90,1,0x4b9,1209
val_000199.png,90,1,0x98f,2447
val_000200.png,270,3,0x83,131
val_000201.png,180,2,0xe3,227
val_000202.png,270,3,0x49c,1180
val_000203.png,270,3,0x28,40
val_000204.png,180,2,0xe09,3593
val_000205.png,180,2,0xde8,3560
val_000206.png,180,2,0xde,222
val_000207.png,0,0,0xf43,3907
val_000208.png,180,2,0x5,5
val_000209.png,0,0,0x2,2
val_000210.png,90,1,0xa,10
val_000211.png,0,0,0x80,128
val_000212.png,180,2,0x84,132
val_000213.png,0,0,0xd,13
val_000214.png,0,0,0x2a,42
val_000215.png,90,1,0x500,1280
val_000216.png,180,2,0x76f,1903
val_000217.png,0,0,0x10f,271
val_000218.png,90,1,0xe,14
val_000219.png,90,1,0xde,222
val_000220.png,90,1,0x941,2369
val_000221.png,180,2,0x53,83
val_000222.png,270,3,0xc0,192
val_000223.png,270,3,0xf14,3860
val_000224.png,270,3,0x30c,780
val_000225.png,270,3,0x56e,1390
val_000226.png,180,2,0x4ef,1263
val_000227.png,180,2,0x9,9
val_000228.png,90,1,0xc,12
val_000229.png,270,3,0xb92,2962
val_000230.png,0,0,0x6,6
val_000231.png,270,3,0xb3,179
val_000232.png,270,3,0x35,53
val_000233.png,270,3,0x99,153
val_000234.png,270,3,0x62,98
val_000235.png,180,2,0x22,34
val_000236.png,0,0,0x44e,1102
val_000237.png,270,3,0xb3a,2874
val_000238.png,270,3,0x79,121
val_000239.png,180,2,0x6,6
val_000240.png,270,3,0x8c6,2246
val_000241.png,270,3,0xeb,235
val_000242.png,180,2,0xa2c,2604
val_000243.png,0,0,0x2,2
val_000244.png,270,3,0xef,239
val_000245.png,180,2,0x753,1875
val_000246.png,270,3,0x6f,111
val_000247.png,270,3,0xae,174
val_000248.png,270,3,0x71,113
val_000249.png,90,1,0x99,153
val_000250.png,0,0,0x77,119
val_000251.png,0,0,0xa,10
val_000252.png,270,3,0x5,5
val_000253.png,180,2,0xc,12
val_000254.png,180,2,0x148,328
val_000255.png,0,0,0x78a,1930
val_000256.png,270,3,0x7,7
val_000257.png,270,3,0xc76,3190
val_000258.png,180,2,0x61c,1564
val_000259.png,0,0,0xc,12
val_000260.png,270,3,0xa2,162
val_000261.png,270,3,0x37f,895
val_000262.png,180,2,0xd,13
val_000263.png,90,1,0xd7,215
val_000264.png,180,2,0xf,15
val_000265.png,180,2,0x15b,347
val_000266.png,180,2,0xe05,3589
val_000267.png,180,2,0xd74,3444
val_000268.png,90,1,0x2,2
val_000269.png,180,2,0xed7,3799
val_000270.png,180,2,0xfc,252
val_000271.png,270,3,0x0,0
val_000272.png,180,2,0x8,8
val_000273.png,180,2,0x3,3
val_000274.png,180,2,0xf8,248
val_000275.png,90,1,0xaa8,2728
val_000276.png,180,2,0x960,2400
val_000277.png,270,3,0xb7,183
val_000278.png,0,0,0xd8,216
val_000279.png,180,2,0x2d4,724
val_000280.png,270,3,0x12,18
val_000281.png,90,1,0xdb,219
val_000282.png,0,0,0x7,7
val_000283.png,0,0,0x6c,108
val_000284.png,0,0,0x5,5
val_000285.png,180,2,0xb28,2856
val_000286.png,0,0,0xc3,195
val_000287.png,270,3,0xa,10
val_000288.png,180,2,0xe,14
val_000289.png,270,3,0xb29,2857
val_000290.png,270,3,0xf9,249
val_000291.png,90,1,0x2,2
val_000292.png,270,3,0xe4,228
val_000293.png,270,3,0x86,134
val_000294.png,90,1,0x12a,298
val_000295.png,270,3,0x6,6
val_000296.png,180,2,0x1a,26
val_000297.png,0,0,0xd90,3472
val_000298.png,270,3,0xf6a,3946
val_000299.png,90,1,0x57,87
test_000000.png,270,3,0x680,1664
test_000001.png,90,1,0xc7,199
test_000002.png,180,2,0x3,3
test_000003.png,0,0,0x4f,79
test_000004.png,270,3,0x5,5
test_000005.png,180,2,0x76b,1899
test_000006.png,90,1,0x238,568
test_000007.png,180,2,0x2d,45
test_000008.png,90,1,0x8cd,2253
test_000009.png,180,2,0x6d,109
test_000010.png,270,3,0x31,49
test_000011.png,0,0,0xc,12
test_000012.png,270,3,0x7,7
test_000013.png,90,1,0xc,12
test_000014.png,0,0,0x2b5,693
test_000015.png,90,1,0x3,3
test_000016.png,90,1,0xa5,165
test_000017.png,0,0,0xe7,231
test_000018.png,270,3,0xc2,194
test_000019.png,0,0,0xfcf,4047
test_000020.png,90,1,0x7f2,2034
test_000021.png,180,2,0xf59,3929
test_000022.png,90,1,0xedd,3805
test_000023.png,180,2,0x9,9
test_000024.png,270,3,0xf,15
test_000025.png,0,0,0xd,13
test_000026.png,0,0,0x650,1616
test_000027.png,180,2,0xed,237
test_000028.png,180,2,0xdd,221
test_000029.png,270,3,0xdc,220
test_000030.png,90,1,0x63,99
test_000031.png,270,3,0x9,9
test_000032.png,90,1,0x4fa,1274
test_000033.png,90,1,0x424,1060
test_000034.png,90,1,0x880,2176
test_000035.png,90,1,0x67,103
test_000036.png,180,2,0xb,11
test_000037.png,90,1,0x28,40
test_000038.png,0,0,0x36,54
test_000039.png,180,2,0xeb,235
test_000040.png,180,2,0xb,11
test_000041.png,0,0,0xc1,193
test_000042.png,180,2,0x4e,78
test_000043.png,90,1,0x31,49
test_000044.png,180,2,0xb6f,2927
test_000045.png,0,0,0x1,1
test_000046.png,0,0,0xa80,2688
test_000047.png,270,3,0x891,2193
test_000048.png,270,3,0x76,118
test_000049.png,0,0,0xb36,2870
test_000050.png,180,2,0xe,14
test_000051.png,0,0,0x515,1301
test_000052.png,270,3,0x96,150
test_000053.png,180,2,0x1b,27
test_000054.png,90,1,0xfe9,4073
test_000055.png,270,3,0xdb,219
test_000056.png,180,2,0x9c,156
test_000057.png,180,2,0x16,22
test_000058.png,270,3,0x854,2132
test_000059.png,0,0,0x0,0
test_000060.png,0,0,0xa1,161
test_000061.png,180,2,0xc,12
test_000062.png,90,1,0x19,25
test_000063.png,180,2,0x5,5
test_000064.png,90,1,0x96,150
test_000065.png,270,3,0xac,172
test_000066.png,90,1,0x99,153
test_000067.png,0,0,0x1,1
test_000068.png,270,3,0xc,12
test_000069.png,180,2,0xb8,184
test_000070.png,90,1,0x24,36
test_000071.png,0,0,0xc43,3139
test_000072.png,270,3,0x8,8
test_000073.png,180,2,0xd3,211
test_000074.png,270,3,0x548,1352
test_000075.png,90,1,0x2b4,692
test_000076.png,0,0,0x14,20
test_000077.png,270,3,0x4d,77
test_000078.png,180,2,0xc,12
test_000079.png,180,2,0x509,1289
test_000080.png,270,3,0x2,2
test_000081.png,270,3,0x2a6,678
test_000082.png,90,1,0x8,8
test_000083.png,270,3,0xfcf,4047
test_000084.png,90,1,0x1,1
test_000085.png,270,3,0xe4d,3661
test_000086.png,90,1,0xb,11
test_000087.png,270,3,0x27a,634
test_000088.png,270,3,0xb,11
test_000089.png,270,3,0xa,10
test_000090.png,90,1,0x98f,2447
test_000091.png,90,1,0xb9,185
test_000092.png,0,0,0x16,22
test_000093.png,0,0,0xa,10
test_000094.png,90,1,0x7,7
test_000095.png,0,0,0xbfc,3068
test_000096.png,0,0,0xbd,189
test_000097.png,0,0,0x337,823
test_000098.png,180,2,0xf,15
test_000099.png,270,3,0x4d1,1233
test_000100.png,90,1,0x2,2
test_000101.png,270,3,0x5,5
test_000102.png,90,1,0x7a1,1953
test_000103.png,0,0,0x2,2
test_000104.png,270,3,0xa,10
test_000105.png,270,3,0x8a9,2217
test_000106.png,90,1,0xd,13
test_000107.png,90,1,0x61c,1564
test_000108.png,270,3,0x60d,1549
test_000109.png,90,1,0xfc,252
test_000110.png,0,0,0xb,11
test_000111.png,0,0,0x921,2337
test_000112.png,0,0,0xf,15
test_000113.png,180,2,0x5,5
test_000114.png,270,3,0xc76,3190
test_000115.png,180,2,0x27,39
test_000116.png,90,1,0xd,13
test_000117.png,90,1,0x6,6
test_000118.png,90,1,0x17b,379
test_000119.png,180,2,0x7,7
test_000120.png,270,3,0x0,0
test_000121.png,90,1,0x79b,1947
test_000122.png,270,3,0x6,6
test_000123.png,270,3,0x81e,2078
test_000124.png,90,1,0xcf,207
test_000125.png,270,3,0xe,14
test_000126.png,90,1,0x8,8
test_000127.png,90,1,0x7,7
test_000128.png,270,3,0x62,98
test_000129.png,180,2,0x79,121
test_000130.png,0,0,0xb,11
test_000131.png,0,0,0x421,1057
test_000132.png,0,0,0xfbb,4027
test_000133.png,90,1,0x2a,42
test_000134.png,180,2,0xb,11
test_000135.png,270,3,0x4e2,1250
test_000136.png,270,3,0xf69,3945
test_000137.png,270,3,0xc,12
test_000138.png,180,2,0xa,10
test_000139.png,180,2,0xeae,3758
test_000140.png,90,1,0xbd,189
test_000141.png,0,0,0xb30,2864
test_000142.png,90,1,0x6,6
test_000143.png,0,0,0x3ff,1023
test_000144.png,0,0,0xaf,175
test_000145.png,180,2,0xda,218
test_000146.png,0,0,0xd,13
test_000147.png,270,3,0x2c,44
test_000148.png,270,3,0x17,23
test_000149.png,180,2,0x5b,91
test_000150.png,180,2,0x4,4
test_000151.png,90,1,0x330,816
test_000152.png,270,3,0x708,1800
test_000153.png,180,2,0xbd,189
test_000154.png,180,2,0x2b9,697
test_000155.png,0,0,0x3e,62
test_000156.png,90,1,0xfb7,4023
test_000157.png,0,0,0x4,4
test_000158.png,270,3,0x9a9,2473
test_000159.png,0,0,0xd,13
test_000160.png,270,3,0x13,19
test_000161.png,180,2,0xb,11
test_000162.png,180,2,0x61,97
test_000163.png,180,2,0xc,12
test_000164.png,180,2,0xe,14
test_000165.png,0,0,0x2,2
test_000166.png,90,1,0xa5,165
test_000167.png,0,0,0xda,218
test_000168.png,0,0,0x10,16
test_000169.png,0,0,0xe3,227
test_000170.png,90,1,0xf97,3991
test_000171.png,0,0,0xf,15
test_000172.png,90,1,0xd33,3379
test_000173.png,180,2,0x85f,2143
test_000174.png,180,2,0xe4,228
test_000175.png,270,3,0x2c,44
test_000176.png,90,1,0xff,255
test_000177.png,270,3,0xa,10
test_000178.png,0,0,0x55,85
test_000179.png,180,2,0x51,81
test_000180.png,0,0,0x3,3
test_000181.png,180,2,0x48e,1166
test_000182.png,90,1,0x566,1382
test_000183.png,270,3,0xfeb,4075
test_000184.png,90,1,0x9,9
test_000185.png,0,0,0xc8,200
test_000186.png,270,3,0x99,153
test_000187.png,270,3,0x64,100
test_000188.png,90,1,0xf3,243
test_000189.png,0,0,0x4,4
test_000190.png,0,0,0xb,11
test_000191.png,0,0,0x7b3,1971
test_000192.png,270,3,0xfc7,4039
test_000193.png,90,1,0x5c,92
test_000194.png,270,3,0xe8f,3727
test_000195.png,270,3,0x4b,75
test_000196.png,90,1,0x95f,2399
test_000197.png,90,1,0x906,2310
test_000198.png,270,3,0x5,5
test_000199.png,270,3,0x73a,1850
test_000200.png,90,1,0xf,15
test_000201.png,90,1,0xb3,179
test_000202.png,270,3,0xc6b,3179
test_000203.png,270,3,0x4,4
test_000204.png,90,1,0x67,103
test_000205.png,0,0,0x2a,42
test_000206.png,270,3,0x85d,2141
test_000207.png,270,3,0xcf,207
test_000208.png,270,3,0x0,0
test_000209.png,180,2,0xf,15
test_000210.png,0,0,0x2e0,736
test_000211.png,180,2,0xd66,3430
test_000212.png,180,2,0x85,133
test_000213.png,270,3,0xaef,2799
test_000214.png,180,2,0xa,10
test_000215.png,180,2,0x7,7
test_000216.png,0,0,0xb6,182
test_000217.png,180,2,0x1,1
test_000218.png,90,1,0x1e,30
test_000219.png,180,2,0x5,5
test_000220.png,0,0,0xc7,199
test_000221.png,180,2,0x4,4
test_000222.png,90,1,0xcd,205
test_000223.png,270,3,0x7a7,1959
test_000224.png,0,0,0x1,1
test_000225.png,270,3,0x798,1944
test_000226.png,90,1,0xa,10
test_000227.png,270,3,0x9,9
test_000228.png,180,2,0xa,10
test_000229.png,180,2,0x17,23
test_000230.png,180,2,0xec1,3777
test_000231.png,0,0,0x1,1
test_000232.png,90,1,0xd,13
test_000233.png,90,1,0x6,6
test_000234.png,180,2,0x1c6,454
test_000235.png,180,2,0xf1,241
test_000236.png,270,3,0x4,4
test_000237.png,90,1,0xd4f,3407
test_000238.png,270,3,0x9a,154
test_000239.png,0,0,0x8,8
test_000240.png,270,3,0x540,1344
test_000241.png,270,3,0x76,118
test_000242.png,180,2,0x3d,61
test_000243.png,270,3,0x6,6
test_000244.png,270,3,0xf8,248
test_000245.png,180,2,0x6,6
test_000246.png,0,0,0x7,7
test_000247.png,270,3,0x88b,2187
test_000248.png,180,2,0xd93,3475
test_000249.png,270,3,0xfb3,4019
test_000250.png,180,2,0xf,15
test_000251.png,180,2,0xb,11
test_000252.png,270,3,0xf,15
test_000253.png,90,1,0x5e,94
test_000254.png,90,1,0xd,13
test_000255.png,0,0,0x9e,158
test_000256.png,0,0,0xef,239
test_000257.png,180,2,0x69c,1692
test_000258.png,0,0,0x454,1108
test_000259.png,180,2,0x9f7,2551
test_000260.png,0,0,0xff9,4089
test_000261.png,270,3,0xb64,2916
test_000262.png,270,3,0xa,10
test_000263.png,270,3,0x9f7,2551
test_000264.png,90,1,0x8b,139
test_000265.png,90,1,0xb58,2904
test_000266.png,0,0,0xf,15
test_000267.png,270,3,0xc47,3143
test_000268.png,180,2,0x557,1367
test_000269.png,270,3,0x1f,31
test_000270.png,180,2,0x5,5
test_000271.png,90,1,0x1,1
test_000272.png,180,2,0xb,11
test_000273.png,270,3,0xa,10
test_000274.png,90,1,0xd2,210
test_000275.png,90,1,0x4,4
test_000276.png,270,3,0x7,7
test_000277.png,0,0,0xc16,3094
test_000278.png,90,1,0x6,6
test_000279.png,90,1,0xb5,181
test_000280.png,270,3,0xa2,162
test_000281.png,0,0,0x8d,141
test_000282.png,270,3,0xd,13
test_000283.png,90,1,0x84f,2127
test_000284.png,0,0,0x5,5
test_000285.png,0,0,0xa,10
test_000286.png,270,3,0x9,9
test_000287.png,0,0,0x103,259
test_000288.png,90,1,0x811,2065
test_000289.png,180,2,0x593,1427
test_000290.png,90,1,0xea2,3746
test_000291.png,180,2,0x73f,1855
test_000292.png,180,2,0x46b,1131
test_000293.png,270,3,0xca2,3234
test_000294.png,270,3,0x6b7,1719
test_000295.png,0,0,0x5a,90
test_000296.png,180,2,0x7f,127
test_000297.png,180,2,0x0,0
test_000298.png,0,0,0x975,2421
test_000299.png,180,2,0x46d,1133
